,Optimal Height,Optimal Value,Scenario
0,[12. 12. 12. 12. 12. 12. 12.],10509643600.623997,1
1,[13. 13. 13. 13. 13. 13. 13.],14568983891.11849,1
2,[14. 14. 14. 14. 14. 14. 14.],19631923925.333202,1
3,[12. 12. 12. 12. 12. 12. 12.],11304477519.038054,1
4,[12. 12. 12. 12. 12. 12. 12.],11719549211.889782,1
5,[12. 12. 12. 12. 12. 12. 12.],12118723640.716967,1
6,[13. 13. 13. 13. 13. 13. 13.],14982201031.36177,1
7,[14. 14. 14. 14. 14. 14. 14.],17478305525.15208,1
8,[14. 14. 14. 14. 14. 14. 14.],17898011339.25796,1
9,[12. 12. 12. 12. 12. 12. 12.],9703337163.448162,1
10,[13. 13. 13. 13. 13. 13. 13.],13346124240.884752,1
11,[13. 13. 13. 13. 13. 13. 13.],16217508288.270756,1
12,[13. 13. 13. 13. 13. 13. 13.],14165427203.149488,1
13,[12. 12. 12. 12. 12. 12. 12.],12122253027.847546,1
14,[13. 13. 13. 13. 13. 13. 13.],14161556313.961031,1
15,[13. 13. 13. 13. 13. 13. 13.],16638413638.50767,1
16,[12. 12. 12. 12. 12. 12. 12.],10914682107.18211,1
17,[12. 12. 12. 12. 12. 12. 12.],12525738157.362556,1
18,[13. 13. 13. 13. 13. 13. 13.],15384614093.223564,1
19,[14. 14. 14. 14. 14. 14. 14.],17052343146.390457,1
20,[13. 13. 13. 13. 13. 13. 13.],15808044482.009092,1
21,[12. 12. 12. 12. 12. 12. 12.],9704301936.949099,1
22,[14. 14. 14. 14. 14. 14. 14.],18339043603.438843,1
23,[14. 14. 14. 14. 14. 14. 14.],18760424564.846577,1
24,[17. 17. 17. 17. 17. 17. 17.],32983674986.526836,1
25,[14. 14. 14. 14. 14. 14. 14.],20074378568.324306,1
26,[12. 12. 12. 12. 12. 12. 12.],10918891334.233067,1
27,[14. 14. 14. 14. 14. 14. 14.],17465672386.142418,1
28,[14. 14. 14. 14. 14. 14. 14.],17045468487.344475,1
29,[14. 14. 14. 14. 14. 14. 14.],18775135226.000725,1
30,[15. 15. 15. 15. 15. 15. 15.],22857006826.996605,1
31,[14. 14. 14. 14. 14. 14. 14.],20075570788.946712,1
32,[14. 14. 14. 14. 14. 14. 14.],19639480376.16209,1
33,[14. 14. 14. 14. 14. 14. 14.],18764638739.327496,1
34,[13. 13. 13. 13. 13. 13. 13.],14572673613.690353,1
35,[13. 13. 13. 13. 13. 13. 13.],14160694417.409924,1
36,[13. 13. 13. 13. 13. 13. 13.],13341006285.264322,1
37,[14. 14. 14. 14. 14. 14. 14.],19639637414.875786,1
38,[13. 13. 13. 13. 13. 13. 13.],14149345400.124922,1
39,[14. 14. 14. 14. 14. 14. 14.],20513404520.071373,1
40,[13. 13. 13. 13. 13. 13. 13.],12935014429.350044,1
41,[14. 14. 14. 14. 14. 14. 14.],17904903206.661953,1
42,[13. 13. 13. 13. 13. 13. 13.],15807659030.843744,1
43,[13. 13. 13. 13. 13. 13. 13.],14987670909.357828,1
44,[13. 13. 13. 13. 13. 13. 13.],13349426855.274347,1
45,[14. 14. 14. 14. 14. 14. 14.],18770882078.857693,1
46,[13. 13. 13. 13. 13. 13. 13.],12934895728.902676,1
47,[13. 13. 13. 13. 13. 13. 13.],13754321647.600275,1
48,[13. 13. 13. 13. 13. 13. 13.],17057060440.799263,1
49,[12. 12. 12. 12. 12. 12. 12.],8883626818.405996,1
50,[13. 13. 13. 13. 13. 13. 13.],13334526326.155725,1
51,[14. 14. 14. 14. 14. 14. 14.],19203471527.831306,1
52,[12. 12. 12. 12. 12. 12. 12.],8894767038.990477,1
53,[14. 14. 14. 14. 14. 14. 14.],18346421238.110558,1
54,[12. 12. 12. 12. 12. 12. 12.],12114532533.056505,1
55,[11. 11. 11. 11. 11. 11. 11.],8081911125.389298,1
56,[14. 14. 14. 14. 14. 14. 14.],18759878593.865757,1
57,[13. 13. 13. 13. 13. 13. 13.],15799537999.692022,1
58,[12. 12. 12. 12. 12. 12. 12.],8885034664.830444,1
59,[12. 12. 12. 12. 12. 12. 12.],11721751484.57131,1
60,[15. 15. 15. 15. 15. 15. 15.],21412147080.06452,1
61,[13. 13. 13. 13. 13. 13. 13.],15811505067.43595,1
62,[13. 13. 13. 13. 13. 13. 13.],13754972280.479393,1
63,[13. 13. 13. 13. 13. 13. 13.],14155180938.13665,1
64,[11. 11. 11. 11. 11. 11. 11.],6498336708.060475,1
65,[12. 12. 12. 12. 12. 12. 12.],8889920925.132553,1
66,[12. 12. 12. 12. 12. 12. 12.],10908027586.223822,1
67,[14. 14. 14. 14. 14. 14. 14.],20080952757.725807,1
68,[13. 13. 13. 13. 13. 13. 13.],15810992202.848204,1
69,[14. 14. 14. 14. 14. 14. 14.],18342322801.283726,1
70,[13. 13. 13. 13. 13. 13. 13.],13331767463.89017,1
71,[13. 13. 13. 13. 13. 13. 13.],15394113528.716724,1
72,[14. 14. 14. 14. 14. 14. 14.],20509902352.729256,1
73,[14. 14. 14. 14. 14. 14. 14.],18776778746.831604,1
74,[11. 11. 11. 11. 11. 11. 11.],8497326822.568754,1
75,[12. 12. 12. 12. 12. 12. 12.],12127295949.597971,1
76,[13. 13. 13. 13. 13. 13. 13.],16213535862.654543,1
77,[13. 13. 13. 13. 13. 13. 13.],16208048956.269175,1
78,[12. 12. 12. 12. 12. 12. 12.],11304352317.62014,1
79,[12. 12. 12. 12. 12. 12. 12.],10093834244.578878,1
80,[11. 11. 11. 11. 11. 11. 11.],8485592222.180207,1
81,[14. 14. 14. 14. 14. 14. 14.],17049347687.625795,1
82,[12. 12. 12. 12. 12. 12. 12.],12113693466.054815,1
83,[14. 14. 14. 14. 14. 14. 14.],17473286677.78572,1
84,[13. 13. 13. 13. 13. 13. 13.],13332718011.102497,1
85,[14. 14. 14. 14. 14. 14. 14.],19642593790.781067,1
86,[13. 13. 13. 13. 13. 13. 13.],14576949310.699846,1
87,[12. 12. 12. 12. 12. 12. 12.],9297527372.723803,1
88,[12. 12. 12. 12. 12. 12. 12.],9295961792.014576,1
89,[14. 14. 14. 14. 14. 14. 14.],17473294989.251495,1
90,[13. 13. 13. 13. 13. 13. 13.],16221458614.286757,1
91,[16. 16. 16. 16. 16. 16. 16.],26423989649.982403,1
92,[13. 13. 13. 13. 13. 13. 13.],13755460601.923492,1
93,[10. 10. 10. 10. 10. 10. 10.],4504090440.076093,1
94,[12. 12. 12. 12. 12. 12. 12.],11712765414.74139,1
95,[12. 12. 12. 12. 12. 12. 12.],11721311747.054836,1
96,[15. 15. 15. 15. 15. 15. 15.],23841762470.42568,1
97,[14. 14. 14. 14. 14. 14. 14.],19640072377.405968,1
98,[12. 12. 12. 12. 12. 12. 12.],10097689979.780508,1
99,[14. 14. 14. 14. 14. 14. 14.],21427173001.387844,1
100,[14. 14. 14. 14. 14. 14. 14.],17472801798.602592,1
101,[14. 14. 14. 14. 14. 14. 14.],19646042467.85617,1
102,[14. 14. 14. 14. 14. 14. 14.],17042277275.56926,1
103,[13. 13. 13. 13. 13. 13. 13.],15392440506.674065,1
104,[14. 14. 14. 14. 14. 14. 14.],17904099319.775528,1
105,[15. 15. 15. 15. 15. 15. 15.],25881359069.4396,1
106,[14. 14. 14. 14. 14. 14. 14.],17901182924.471844,1
107,[14. 14. 14. 14. 14. 14. 14.],17483503632.95712,1
108,[13. 13. 13. 13. 13. 13. 13.],16634951557.015764,1
109,[13. 13. 13. 13. 13. 13. 13.],14971861271.476418,1
110,[11. 11. 11. 11. 11. 11. 11.],8898568117.045773,1
111,[15. 15. 15. 15. 15. 15. 15.],22868138863.760384,1
112,[13. 13. 13. 13. 13. 13. 13.],14154367523.61357,1
113,[14. 14. 14. 14. 14. 14. 14.],17475904457.78107,1
114,[12. 12. 12. 12. 12. 12. 12.],11315026893.466759,1
115,[14. 14. 14. 14. 14. 14. 14.],17909773120.63574,1
116,[13. 13. 13. 13. 13. 13. 13.],14984191734.44558,1
117,[11. 11. 11. 11. 11. 11. 11.],6883042649.859253,1
118,[13. 13. 13. 13. 13. 13. 13.],13752057534.747963,1
119,[12. 12. 12. 12. 12. 12. 12.],11314126812.347729,1
120,[13. 13. 13. 13. 13. 13. 13.],13335011731.174053,1
121,[12. 12. 12. 12. 12. 12. 12.],10913806462.600985,1
122,[9. 9. 9. 9. 9. 9. 9.],-1875761703.8495455,1
123,[12. 12. 12. 12. 12. 12. 12.],12535198976.69017,1
124,[15. 15. 15. 15. 15. 15. 15.],22366488593.261192,1
125,[14. 14. 14. 14. 14. 14. 14.],18767259981.828705,1
126,[12. 12. 12. 12. 12. 12. 12.],10902088825.99252,1
127,[13. 13. 13. 13. 13. 13. 13.],16209399376.94621,1
128,[15. 15. 15. 15. 15. 15. 15.],22867728883.97164,1
129,[13. 13. 13. 13. 13. 13. 13.],16628082664.80798,1
130,[12. 12. 12. 12. 12. 12. 12.],12527831825.16241,1
131,[14. 14. 14. 14. 14. 14. 14.],17471053121.68575,1
132,[14. 14. 14. 14. 14. 14. 14.],19630586059.856674,1
133,[13. 13. 13. 13. 13. 13. 13.],15394019707.795479,1
134,[13. 13. 13. 13. 13. 13. 13.],14163787410.476082,1
135,[11. 11. 11. 11. 11. 11. 11.],7690432603.542227,1
136,[14. 14. 14. 14. 14. 14. 14.],20522420746.51643,1
137,[13. 13. 13. 13. 13. 13. 13.],14572418964.136906,1
138,[13. 13. 13. 13. 13. 13. 13.],16217560477.634268,1
139,[13. 13. 13. 13. 13. 13. 13.],14150632441.968847,1
140,[14. 14. 14. 14. 14. 14. 14.],18327627578.620842,1
141,[13. 13. 13. 13. 13. 13. 13.],14979394371.607038,1
142,[13. 13. 13. 13. 13. 13. 13.],14155336643.20286,1
143,[11. 11. 11. 11. 11. 11. 11.],7292548247.77774,1
144,[14. 14. 14. 14. 14. 14. 14.],19643672925.17385,1
145,[10. 10. 10. 10. 10. 10. 10.],4107815705.5487537,1
146,[14. 14. 14. 14. 14. 14. 14.],17911383564.779064,1
147,[13. 13. 13. 13. 13. 13. 13.],14985622911.907969,1
148,[12. 12. 12. 12. 12. 12. 12.],12123091087.986036,1
149,[13. 13. 13. 13. 13. 13. 13.],12935367662.458452,1
150,[11. 11. 11. 11. 11. 11. 11.],8486238953.166776,1
151,[14. 14. 14. 14. 14. 14. 14.],17050264199.252003,1
152,[12. 12. 12. 12. 12. 12. 12.],10097640913.413143,1
153,[14. 14. 14. 14. 14. 14. 14.],19208929678.9662,1
154,[13. 13. 13. 13. 13. 13. 13.],15387715812.618704,1
155,[13. 13. 13. 13. 13. 13. 13.],16639911039.712301,1
156,[14. 14. 14. 14. 14. 14. 14.],20970098244.59468,1
157,[11. 11. 11. 11. 11. 11. 11.],6886640739.360848,1
158,[13. 13. 13. 13. 13. 13. 13.],15805771214.718954,1
159,[13. 13. 13. 13. 13. 13. 13.],15398496280.574303,1
160,[14. 14. 14. 14. 14. 14. 14.],17475969696.922165,1
161,[13. 13. 13. 13. 13. 13. 13.],12927921289.22319,1
162,[14. 14. 14. 14. 14. 14. 14.],17906844520.189705,1
163,[13. 13. 13. 13. 13. 13. 13.],16205265302.553177,1
164,[13. 13. 13. 13. 13. 13. 13.],14976378159.023415,1
165,[13. 13. 13. 13. 13. 13. 13.],14573480375.254753,1
166,[14. 14. 14. 14. 14. 14. 14.],17040834176.91403,1
167,[13. 13. 13. 13. 13. 13. 13.],17058251367.54039,1
168,[13. 13. 13. 13. 13. 13. 13.],16631840309.270626,1
169,[12. 12. 12. 12. 12. 12. 12.],9689890276.86778,1
170,[15. 15. 15. 15. 15. 15. 15.],24843513445.58431,1
171,[11. 11. 11. 11. 11. 11. 11.],6500994284.698533,1
172,[14. 14. 14. 14. 14. 14. 14.],18768163152.437714,1
173,[14. 14. 14. 14. 14. 14. 14.],17480359984.57554,1
174,[12. 12. 12. 12. 12. 12. 12.],10909780347.574535,1
175,[14. 14. 14. 14. 14. 14. 14.],19634109169.09791,1
176,[14. 14. 14. 14. 14. 14. 14.],19630976231.87494,1
177,[13. 13. 13. 13. 13. 13. 13.],16208373172.760082,1
178,[14. 14. 14. 14. 14. 14. 14.],17480913449.244022,1
179,[12. 12. 12. 12. 12. 12. 12.],9694223831.060966,1
180,[14. 14. 14. 14. 14. 14. 14.],20526590856.935616,1
181,[12. 12. 12. 12. 12. 12. 12.],12523156097.17599,1
182,[13. 13. 13. 13. 13. 13. 13.],13755756495.290882,1
183,[13. 13. 13. 13. 13. 13. 13.],15392676877.970928,1
184,[12. 12. 12. 12. 12. 12. 12.],10914668021.774805,1
185,[12. 12. 12. 12. 12. 12. 12.],12528481208.54686,1
186,[14. 14. 14. 14. 14. 14. 14.],19198415617.769794,1
187,[13. 13. 13. 13. 13. 13. 13.],14572137519.213501,1
188,[14. 14. 14. 14. 14. 14. 14.],17048171289.010473,1
189,[13. 13. 13. 13. 13. 13. 13.],16638669434.877777,1
190,[14. 14. 14. 14. 14. 14. 14.],19204271818.42099,1
191,[12. 12. 12. 12. 12. 12. 12.],10496705278.531446,1
192,[10. 10. 10. 10. 10. 10. 10.],4103193657.4881577,1
193,[14. 14. 14. 14. 14. 14. 14.],19643058436.68259,1
194,[12. 12. 12. 12. 12. 12. 12.],12522623167.991442,1
195,[13. 13. 13. 13. 13. 13. 13.],14148892748.753574,1
196,[15. 15. 15. 15. 15. 15. 15.],23345305596.215343,1
197,[12. 12. 12. 12. 12. 12. 12.],11717726973.336157,1
198,[14. 14. 14. 14. 14. 14. 14.],17042166913.468613,1
199,[12. 12. 12. 12. 12. 12. 12.],12937077144.37002,1
200,[12. 12. 12. 12. 12. 12. 12.],11317246989.045345,1
201,[14. 14. 14. 14. 14. 14. 14.],20956413550.274235,1
202,[11. 11. 11. 11. 11. 11. 11.],8901508150.970554,1
203,[14. 14. 14. 14. 14. 14. 14.],17049055744.450378,1
204,[12. 12. 12. 12. 12. 12. 12.],11714812814.31559,1
205,[13. 13. 13. 13. 13. 13. 13.],14167133883.865177,1
206,[13. 13. 13. 13. 13. 13. 13.],14168119015.614012,1
207,[12. 12. 12. 12. 12. 12. 12.],12534649855.121376,1
208,[12. 12. 12. 12. 12. 12. 12.],10109559784.197334,1
209,[14. 14. 14. 14. 14. 14. 14.],19645003360.188602,1
210,[12. 12. 12. 12. 12. 12. 12.],10498163990.44918,1
211,[12. 12. 12. 12. 12. 12. 12.],10509820330.19547,1
212,[13. 13. 13. 13. 13. 13. 13.],15395193451.632866,1
213,[14. 14. 14. 14. 14. 14. 14.],20963578579.864777,1
214,[14. 14. 14. 14. 14. 14. 14.],18774754389.864044,1
215,[14. 14. 14. 14. 14. 14. 14.],17896227871.364666,1
216,[12. 12. 12. 12. 12. 12. 12.],12937600313.436058,1
217,[13. 13. 13. 13. 13. 13. 13.],13348066640.581032,1
218,[13. 13. 13. 13. 13. 13. 13.],14163768150.03122,1
219,[13. 13. 13. 13. 13. 13. 13.],16626256587.196476,1
220,[13. 13. 13. 13. 13. 13. 13.],16629175689.342152,1
221,[13. 13. 13. 13. 13. 13. 13.],15395286726.644602,1
222,[15. 15. 15. 15. 15. 15. 15.],21892052837.38479,1
223,[14. 14. 14. 14. 14. 14. 14.],18329360598.810066,1
224,[13. 13. 13. 13. 13. 13. 13.],15803325261.178827,1
225,[14. 14. 14. 14. 14. 14. 14.],20965382237.051266,1
226,[13. 13. 13. 13. 13. 13. 13.],13744574568.71486,1
227,[14. 14. 14. 14. 14. 14. 14.],19207238937.137447,1
228,[14. 14. 14. 14. 14. 14. 14.],18769450679.136898,1
229,[14. 14. 14. 14. 14. 14. 14.],17906185048.365543,1
230,[14. 14. 14. 14. 14. 14. 14.],17904762051.011246,1
231,[12. 12. 12. 12. 12. 12. 12.],9704999974.856302,1
232,[14. 14. 14. 14. 14. 14. 14.],21429961251.933567,1
233,[13. 13. 13. 13. 13. 13. 13.],16225004583.608955,1
234,[13. 13. 13. 13. 13. 13. 13.],14156320527.535135,1
235,[12. 12. 12. 12. 12. 12. 12.],12528356473.454735,1
236,[14. 14. 14. 14. 14. 14. 14.],20077400326.39152,1
237,[13. 13. 13. 13. 13. 13. 13.],12925870773.531754,1
238,[12. 12. 12. 12. 12. 12. 12.],11321216092.026735,1
239,[12. 12. 12. 12. 12. 12. 12.],10901307089.091324,1
240,[14. 14. 14. 14. 14. 14. 14.],17907276454.168728,1
241,[12. 12. 12. 12. 12. 12. 12.],12938911808.272537,1
242,[12. 12. 12. 12. 12. 12. 12.],10096458164.901302,1
243,[12. 12. 12. 12. 12. 12. 12.],12123987666.996397,1
244,[13. 13. 13. 13. 13. 13. 13.],17057646476.914597,1
245,[13. 13. 13. 13. 13. 13. 13.],13743017213.85989,1
246,[13. 13. 13. 13. 13. 13. 13.],16637849941.014881,1
247,[12. 12. 12. 12. 12. 12. 12.],11307069343.4929,1
248,[14. 14. 14. 14. 14. 14. 14.],17914360516.229156,1
249,[13. 13. 13. 13. 13. 13. 13.],16220962980.743944,1
250,[13. 13. 13. 13. 13. 13. 13.],13337505926.954247,1
251,[13. 13. 13. 13. 13. 13. 13.],13330718677.143007,1
252,[14. 14. 14. 14. 14. 14. 14.],19200448342.93594,1
253,[14. 14. 14. 14. 14. 14. 14.],17480244133.79246,1
254,[13. 13. 13. 13. 13. 13. 13.],14575242755.283236,1
255,[13. 13. 13. 13. 13. 13. 13.],15795060463.4581,1
256,[13. 13. 13. 13. 13. 13. 13.],12932295616.47151,1
257,[13. 13. 13. 13. 13. 13. 13.],16220358178.710135,1
258,[13. 13. 13. 13. 13. 13. 13.],12933133238.028362,1
259,[14. 14. 14. 14. 14. 14. 14.],17476496315.571495,1
260,[13. 13. 13. 13. 13. 13. 13.],13348101328.267168,1
261,[12. 12. 12. 12. 12. 12. 12.],9704283883.413582,1
262,[12. 12. 12. 12. 12. 12. 12.],12113975959.50961,1
263,[14. 14. 14. 14. 14. 14. 14.],18765709929.112167,1
264,[13. 13. 13. 13. 13. 13. 13.],13749287552.409945,1
265,[14. 14. 14. 14. 14. 14. 14.],18345494804.077717,1
266,[12. 12. 12. 12. 12. 12. 12.],11314378097.70544,1
267,[13. 13. 13. 13. 13. 13. 13.],15800522783.61697,1
268,[14. 14. 14. 14. 14. 14. 14.],17467482635.21845,1
269,[14. 14. 14. 14. 14. 14. 14.],17912921750.663475,1
270,[11. 11. 11. 11. 11. 11. 11.],6492989108.125802,1
271,[13. 13. 13. 13. 13. 13. 13.],14560304501.158754,1
272,[14. 14. 14. 14. 14. 14. 14.],17907157916.701885,1
273,[14. 14. 14. 14. 14. 14. 14.],19210050995.025166,1
274,[14. 14. 14. 14. 14. 14. 14.],17047070033.142115,1
275,[13. 13. 13. 13. 13. 13. 13.],12934701284.025616,1
276,[12. 12. 12. 12. 12. 12. 12.],12531653354.640175,1
277,[11. 11. 11. 11. 11. 11. 11.],5287241440.938676,1
278,[13. 13. 13. 13. 13. 13. 13.],14976248839.514595,1
279,[12. 12. 12. 12. 12. 12. 12.],11306304140.37365,1
280,[13. 13. 13. 13. 13. 13. 13.],16640213610.624228,1
281,[12. 12. 12. 12. 12. 12. 12.],10916731698.726683,1
282,[14. 14. 14. 14. 14. 14. 14.],17479794212.229935,1
283,[12. 12. 12. 12. 12. 12. 12.],12520728320.86535,1
284,[12. 12. 12. 12. 12. 12. 12.],12116091163.065653,1
285,[11. 11. 11. 11. 11. 11. 11.],6892369100.303674,1
286,[13. 13. 13. 13. 13. 13. 13.],15387026177.514639,1
287,[13. 13. 13. 13. 13. 13. 13.],13740080575.872118,1
288,[11. 11. 11. 11. 11. 11. 11.],5702155114.397627,1
289,[12. 12. 12. 12. 12. 12. 12.],12531390312.27022,1
290,[12. 12. 12. 12. 12. 12. 12.],12939475748.117828,1
291,[14. 14. 14. 14. 14. 14. 14.],17896536942.96464,1
292,[14. 14. 14. 14. 14. 14. 14.],18346354946.4713,1
293,[14. 14. 14. 14. 14. 14. 14.],20078885827.939735,1
294,[14. 14. 14. 14. 14. 14. 14.],18761480811.192997,1
295,[15. 15. 15. 15. 15. 15. 15.],21414877772.290314,1
296,[14. 14. 14. 14. 14. 14. 14.],20955227496.216156,1
297,[14. 14. 14. 14. 14. 14. 14.],19646420099.077755,1
298,[11. 11. 11. 11. 11. 11. 11.],8495752206.454065,1
299,[13. 13. 13. 13. 13. 13. 13.],16206549970.206999,1
300,[13. 13. 13. 13. 13. 13. 13.],13758556319.689798,1
301,[14. 14. 14. 14. 14. 14. 14.],19212724094.890217,1
302,[14. 14. 14. 14. 14. 14. 14.],18763970858.438683,1
303,[13. 13. 13. 13. 13. 13. 13.],17055946179.355812,1
304,[14. 14. 14. 14. 14. 14. 14.],17465159954.24308,1
305,[15. 15. 15. 15. 15. 15. 15.],24345736531.609135,1
306,[12. 12. 12. 12. 12. 12. 12.],9289115693.817373,1
307,[12. 12. 12. 12. 12. 12. 12.],10917338794.447239,1
308,[12. 12. 12. 12. 12. 12. 12.],10500956842.35883,1
309,[13. 13. 13. 13. 13. 13. 13.],14572440933.497334,1
310,[12. 12. 12. 12. 12. 12. 12.],11718911489.270897,1
311,[15. 15. 15. 15. 15. 15. 15.],21411984912.80367,1
312,[13. 13. 13. 13. 13. 13. 13.],16639093911.059614,1
313,[14. 14. 14. 14. 14. 14. 14.],20961749574.972084,1
314,[13. 13. 13. 13. 13. 13. 13.],16625123590.21461,1
315,[14. 14. 14. 14. 14. 14. 14.],17467537129.246273,1
316,[12. 12. 12. 12. 12. 12. 12.],9289428708.477783,1
317,[13. 13. 13. 13. 13. 13. 13.],13753617338.695179,1
318,[13. 13. 13. 13. 13. 13. 13.],12931435877.906263,1
319,[14. 14. 14. 14. 14. 14. 14.],17895970407.904007,1
320,[14. 14. 14. 14. 14. 14. 14.],19647898715.356983,1
321,[14. 14. 14. 14. 14. 14. 14.],17050401463.705782,1
322,[13. 13. 13. 13. 13. 13. 13.],15799743436.528578,1
323,[11. 11. 11. 11. 11. 11. 11.],8495705850.540368,1
324,[12. 12. 12. 12. 12. 12. 12.],12521603296.259829,1
325,[13. 13. 13. 13. 13. 13. 13.],14155746428.31156,1
326,[14. 14. 14. 14. 14. 14. 14.],19200951721.409603,1
327,[13. 13. 13. 13. 13. 13. 13.],14164296368.233614,1
328,[14. 14. 14. 14. 14. 14. 14.],19638438481.14263,1
329,[13. 13. 13. 13. 13. 13. 13.],12933267558.715391,1
330,[13. 13. 13. 13. 13. 13. 13.],14166431124.250574,1
331,[12. 12. 12. 12. 12. 12. 12.],12527251703.016808,1
332,[12. 12. 12. 12. 12. 12. 12.],10096538752.003237,1
333,[11. 11. 11. 11. 11. 11. 11.],6890514208.51769,1
334,[12. 12. 12. 12. 12. 12. 12.],12114938703.685484,1
335,[14. 14. 14. 14. 14. 14. 14.],19212245697.02444,1
336,[14. 14. 14. 14. 14. 14. 14.],20513811161.35935,1
337,[15. 15. 15. 15. 15. 15. 15.],21417752449.09018,1
338,[14. 14. 14. 14. 14. 14. 14.],17896392383.252808,1
339,[12. 12. 12. 12. 12. 12. 12.],10111280657.223412,1
340,[13. 13. 13. 13. 13. 13. 13.],14984430996.507578,1
341,[12. 12. 12. 12. 12. 12. 12.],11710290567.218946,1
342,[14. 14. 14. 14. 14. 14. 14.],17914013080.949394,1
343,[14. 14. 14. 14. 14. 14. 14.],19644543958.618095,1
344,[14. 14. 14. 14. 14. 14. 14.],19203762107.116867,1
345,[12. 12. 12. 12. 12. 12. 12.],12118445078.00423,1
346,[13. 13. 13. 13. 13. 13. 13.],17054772280.662512,1
347,[12. 12. 12. 12. 12. 12. 12.],10095771435.429327,1
348,[11. 11. 11. 11. 11. 11. 11.],8498313259.107494,1
349,[13. 13. 13. 13. 13. 13. 13.],14562361297.847437,1
350,[13. 13. 13. 13. 13. 13. 13.],15388321611.545372,1
351,[12. 12. 12. 12. 12. 12. 12.],11708209331.127169,1
352,[12. 12. 12. 12. 12. 12. 12.],12937559580.545921,1
353,[13. 13. 13. 13. 13. 13. 13.],16626283094.68408,1
354,[12. 12. 12. 12. 12. 12. 12.],11318237043.920593,1
355,[12. 12. 12. 12. 12. 12. 12.],12939317807.565786,1
356,[13. 13. 13. 13. 13. 13. 13.],14986698875.67067,1
357,[13. 13. 13. 13. 13. 13. 13.],14971543319.938705,1
358,[14. 14. 14. 14. 14. 14. 14.],17479617576.133255,1
359,[12. 12. 12. 12. 12. 12. 12.],10910032803.052782,1
360,[14. 14. 14. 14. 14. 14. 14.],21425465804.599426,1
361,[13. 13. 13. 13. 13. 13. 13.],17058094699.099115,1
362,[14. 14. 14. 14. 14. 14. 14.],20086244130.20323,1
363,[13. 13. 13. 13. 13. 13. 13.],14577119414.347584,1
364,[11. 11. 11. 11. 11. 11. 11.],8500407131.403193,1
365,[13. 13. 13. 13. 13. 13. 13.],14571134656.107742,1
366,[12. 12. 12. 12. 12. 12. 12.],12517928619.707722,1
367,[12. 12. 12. 12. 12. 12. 12.],11322964332.434696,1
368,[14. 14. 14. 14. 14. 14. 14.],20070696933.544716,1
369,[14. 14. 14. 14. 14. 14. 14.],20085351057.62798,1
370,[13. 13. 13. 13. 13. 13. 13.],14987637799.013807,1
371,[13. 13. 13. 13. 13. 13. 13.],13741963040.805529,1
372,[13. 13. 13. 13. 13. 13. 13.],15805916320.427837,1
373,[12. 12. 12. 12. 12. 12. 12.],9293776369.128674,1
374,[15. 15. 15. 15. 15. 15. 15.],21417199983.324776,1
375,[14. 14. 14. 14. 14. 14. 14.],20519522470.424458,1
376,[12. 12. 12. 12. 12. 12. 12.],10901614192.638968,1
377,[12. 12. 12. 12. 12. 12. 12.],9692448029.158606,1
378,[12. 12. 12. 12. 12. 12. 12.],11726754123.072916,1
379,[13. 13. 13. 13. 13. 13. 13.],14983252119.586182,1
380,[15. 15. 15. 15. 15. 15. 15.],22857305273.141785,1
381,[13. 13. 13. 13. 13. 13. 13.],13344871346.122414,1
382,[13. 13. 13. 13. 13. 13. 13.],13747968876.777653,1
383,[13. 13. 13. 13. 13. 13. 13.],15389848655.541357,1
384,[12. 12. 12. 12. 12. 12. 12.],12130144476.655039,1
385,[12. 12. 12. 12. 12. 12. 12.],9692944711.06672,1
386,[12. 12. 12. 12. 12. 12. 12.],11721008062.537516,1
387,[11. 11. 11. 11. 11. 11. 11.],8487286904.248799,1
388,[15. 15. 15. 15. 15. 15. 15.],22373421152.648933,1
389,[13. 13. 13. 13. 13. 13. 13.],12924299511.006521,1
390,[13. 13. 13. 13. 13. 13. 13.],14569658178.535894,1
391,[13. 13. 13. 13. 13. 13. 13.],15386439546.40816,1
392,[14. 14. 14. 14. 14. 14. 14.],19642239926.063995,1
393,[13. 13. 13. 13. 13. 13. 13.],15392824733.164425,1
394,[15. 15. 15. 15. 15. 15. 15.],22868999987.260242,1
395,[13. 13. 13. 13. 13. 13. 13.],14574322410.83288,1
396,[12. 12. 12. 12. 12. 12. 12.],12533807600.905703,1
397,[13. 13. 13. 13. 13. 13. 13.],14155541833.266096,1
398,[12. 12. 12. 12. 12. 12. 12.],10902531036.83796,1
399,[15. 15. 15. 15. 15. 15. 15.],21420006041.751465,1
400,[14. 14. 14. 14. 14. 14. 14.],17476534881.287483,1
401,[13. 13. 13. 13. 13. 13. 13.],16213944276.277504,1
402,[13. 13. 13. 13. 13. 13. 13.],16635922703.64528,1
403,[14. 14. 14. 14. 14. 14. 14.],19644529844.190277,1
404,[13. 13. 13. 13. 13. 13. 13.],16212011490.773947,1
405,[12. 12. 12. 12. 12. 12. 12.],10504762963.280756,1
406,[14. 14. 14. 14. 14. 14. 14.],18333246777.241543,1
407,[14. 14. 14. 14. 14. 14. 14.],20079764777.264633,1
408,[13. 13. 13. 13. 13. 13. 13.],15398570175.89175,1
409,[13. 13. 13. 13. 13. 13. 13.],16213772283.298584,1
410,[14. 14. 14. 14. 14. 14. 14.],18330196798.785656,1
411,[13. 13. 13. 13. 13. 13. 13.],15396543781.681267,1
412,[12. 12. 12. 12. 12. 12. 12.],11317299394.001942,1
413,[11. 11. 11. 11. 11. 11. 11.],8097567710.965977,1
414,[15. 15. 15. 15. 15. 15. 15.],21896416619.83709,1
415,[14. 14. 14. 14. 14. 14. 14.],20070860889.78289,1
416,[12. 12. 12. 12. 12. 12. 12.],9289909183.779005,1
417,[13. 13. 13. 13. 13. 13. 13.],15809044858.711405,1
418,[13. 13. 13. 13. 13. 13. 13.],13336510317.329084,1
419,[15. 15. 15. 15. 15. 15. 15.],24327481654.23873,1
420,[12. 12. 12. 12. 12. 12. 12.],10508461550.627941,1
421,[14. 14. 14. 14. 14. 14. 14.],18767429946.500057,1
422,[13. 13. 13. 13. 13. 13. 13.],16637338826.539415,1
423,[13. 13. 13. 13. 13. 13. 13.],13746756707.853765,1
424,[13. 13. 13. 13. 13. 13. 13.],17053948144.587896,1
425,[12. 12. 12. 12. 12. 12. 12.],11709839663.66196,1
426,[13. 13. 13. 13. 13. 13. 13.],15806389864.681984,1
427,[13. 13. 13. 13. 13. 13. 13.],14975540343.771225,1
428,[12. 12. 12. 12. 12. 12. 12.],12941841372.591417,1
429,[12. 12. 12. 12. 12. 12. 12.],9705269202.938795,1
430,[12. 12. 12. 12. 12. 12. 12.],8887718940.429123,1
431,[13. 13. 13. 13. 13. 13. 13.],16638287043.49671,1
432,[12. 12. 12. 12. 12. 12. 12.],11314181069.774014,1
433,[12. 12. 12. 12. 12. 12. 12.],12530204534.683744,1
434,[13. 13. 13. 13. 13. 13. 13.],13748978071.305363,1
435,[12. 12. 12. 12. 12. 12. 12.],9697152531.844666,1
436,[15. 15. 15. 15. 15. 15. 15.],24829417923.396656,1
437,[13. 13. 13. 13. 13. 13. 13.],13742532505.801432,1
438,[13. 13. 13. 13. 13. 13. 13.],16216217322.728579,1
439,[13. 13. 13. 13. 13. 13. 13.],16219643632.333004,1
440,[12. 12. 12. 12. 12. 12. 12.],11306277156.677994,1
441,[13. 13. 13. 13. 13. 13. 13.],16624923980.705175,1
442,[14. 14. 14. 14. 14. 14. 14.],19201490162.542316,1
443,[13. 13. 13. 13. 13. 13. 13.],14158888800.162737,1
444,[13. 13. 13. 13. 13. 13. 13.],16222836857.324766,1
445,[12. 12. 12. 12. 12. 12. 12.],8893189115.449385,1
446,[13. 13. 13. 13. 13. 13. 13.],16640171671.629864,1
447,[13. 13. 13. 13. 13. 13. 13.],14572298028.669168,1
448,[13. 13. 13. 13. 13. 13. 13.],15399282219.062387,1
449,[13. 13. 13. 13. 13. 13. 13.],13337486818.963116,1
450,[13. 13. 13. 13. 13. 13. 13.],13339923977.920034,1
451,[13. 13. 13. 13. 13. 13. 13.],13742401067.39334,1
452,[13. 13. 13. 13. 13. 13. 13.],14982893259.140476,1
453,[13. 13. 13. 13. 13. 13. 13.],15383387390.036364,1
454,[12. 12. 12. 12. 12. 12. 12.],9697513830.317476,1
455,[13. 13. 13. 13. 13. 13. 13.],13340875905.247217,1
456,[15. 15. 15. 15. 15. 15. 15.],22379835781.981407,1
457,[13. 13. 13. 13. 13. 13. 13.],14974243126.764812,1
458,[12. 12. 12. 12. 12. 12. 12.],12938205403.744251,1
459,[11. 11. 11. 11. 11. 11. 11.],8487566247.822953,1
460,[12. 12. 12. 12. 12. 12. 12.],11312625657.816128,1
461,[12. 12. 12. 12. 12. 12. 12.],12112435267.749355,1
462,[13. 13. 13. 13. 13. 13. 13.],16635526552.62709,1
463,[13. 13. 13. 13. 13. 13. 13.],15383629254.027529,1
464,[12. 12. 12. 12. 12. 12. 12.],11313998117.070444,1
465,[11. 11. 11. 11. 11. 11. 11.],4892976311.495201,1
466,[12. 12. 12. 12. 12. 12. 12.],12520517402.479954,1
467,[12. 12. 12. 12. 12. 12. 12.],10105963076.70981,1
468,[13. 13. 13. 13. 13. 13. 13.],15810980490.49286,1
469,[13. 13. 13. 13. 13. 13. 13.],14560693307.329792,1
470,[13. 13. 13. 13. 13. 13. 13.],14566301058.309221,1
471,[11. 11. 11. 11. 11. 11. 11.],5284817490.8559885,1
472,[13. 13. 13. 13. 13. 13. 13.],16625581570.22672,1
473,[13. 13. 13. 13. 13. 13. 13.],14567401914.306625,1
474,[12. 12. 12. 12. 12. 12. 12.],10108883020.910994,1
475,[16. 16. 16. 16. 16. 16. 16.],29568332140.296883,1
476,[13. 13. 13. 13. 13. 13. 13.],14164400433.511196,1
477,[12. 12. 12. 12. 12. 12. 12.],11304617194.021961,1
478,[11. 11. 11. 11. 11. 11. 11.],8087069480.896668,1
479,[12. 12. 12. 12. 12. 12. 12.],10507367800.200542,1
480,[13. 13. 13. 13. 13. 13. 13.],14162853597.062721,1
481,[14. 14. 14. 14. 14. 14. 14.],17476283082.68396,1
482,[14. 14. 14. 14. 14. 14. 14.],17045984639.521046,1
483,[13. 13. 13. 13. 13. 13. 13.],12936090710.324383,1
484,[12. 12. 12. 12. 12. 12. 12.],11311330145.625381,1
485,[13. 13. 13. 13. 13. 13. 13.],13741585564.387688,1
486,[13. 13. 13. 13. 13. 13. 13.],14971780236.957756,1
487,[12. 12. 12. 12. 12. 12. 12.],12532086116.569704,1
488,[13. 13. 13. 13. 13. 13. 13.],17057230793.293112,1
489,[13. 13. 13. 13. 13. 13. 13.],15791952380.622366,1
490,[13. 13. 13. 13. 13. 13. 13.],12929037878.471205,1
491,[13. 13. 13. 13. 13. 13. 13.],12926151402.603788,1
492,[12. 12. 12. 12. 12. 12. 12.],12125580180.114471,1
493,[12. 12. 12. 12. 12. 12. 12.],11319732952.746014,1
494,[13. 13. 13. 13. 13. 13. 13.],14157539925.603718,1
495,[13. 13. 13. 13. 13. 13. 13.],14163380773.116884,1
496,[14. 14. 14. 14. 14. 14. 14.],17046668258.51973,1
497,[13. 13. 13. 13. 13. 13. 13.],13333906400.51038,1
498,[13. 13. 13. 13. 13. 13. 13.],14983408790.511732,1
499,[13. 13. 13. 13. 13. 13. 13.],13336592822.239027,1
500,[12. 12. 12. 12. 12. 12. 12.],12125109346.582714,2
501,[14. 14. 14. 14. 14. 14. 14.],20085741410.028126,2
502,[14. 14. 14. 14. 14. 14. 14.],19201540358.452003,2
503,[13. 13. 13. 13. 13. 13. 13.],15393620552.305923,2
504,[14. 14. 14. 14. 14. 14. 14.],19201526381.023247,2
505,[15. 15. 15. 15. 15. 15. 15.],21891191248.410595,2
506,[13. 13. 13. 13. 13. 13. 13.],13749450176.467117,2
507,[14. 14. 14. 14. 14. 14. 14.],20074724237.58738,2
508,[14. 14. 14. 14. 14. 14. 14.],19210813879.789734,2
509,[13. 13. 13. 13. 13. 13. 13.],13744301557.731358,2
510,[12. 12. 12. 12. 12. 12. 12.],11722191478.661068,2
511,[15. 15. 15. 15. 15. 15. 15.],21423779879.532616,2
512,[15. 15. 15. 15. 15. 15. 15.],21416485577.40089,2
513,[12. 12. 12. 12. 12. 12. 12.],12524998143.643866,2
514,[12. 12. 12. 12. 12. 12. 12.],10917689712.524569,2
515,[13. 13. 13. 13. 13. 13. 13.],15387680485.88199,2
516,[13. 13. 13. 13. 13. 13. 13.],14567196450.361092,2
517,[14. 14. 14. 14. 14. 14. 14.],20522207195.27266,2
518,[14. 14. 14. 14. 14. 14. 14.],18336559046.37239,2
519,[13. 13. 13. 13. 13. 13. 13.],14153747444.846546,2
520,[13. 13. 13. 13. 13. 13. 13.],14163371457.38693,2
521,[15. 15. 15. 15. 15. 15. 15.],23347991270.715153,2
522,[13. 13. 13. 13. 13. 13. 13.],12933125342.169111,2
523,[13. 13. 13. 13. 13. 13. 13.],16632502988.789064,2
524,[13. 13. 13. 13. 13. 13. 13.],13747026306.072662,2
525,[13. 13. 13. 13. 13. 13. 13.],12924043457.568455,2
526,[14. 14. 14. 14. 14. 14. 14.],18330220026.833927,2
527,[13. 13. 13. 13. 13. 13. 13.],14157533614.338022,2
528,[11. 11. 11. 11. 11. 11. 11.],8090106266.233559,2
529,[11. 11. 11. 11. 11. 11. 11.],7285262720.571464,2
530,[13. 13. 13. 13. 13. 13. 13.],12936148638.917974,2
531,[13. 13. 13. 13. 13. 13. 13.],15810180897.663246,2
532,[14. 14. 14. 14. 14. 14. 14.],17483405885.370747,2
533,[13. 13. 13. 13. 13. 13. 13.],17058717830.960129,2
534,[14. 14. 14. 14. 14. 14. 14.],18770879763.21976,2
535,[13. 13. 13. 13. 13. 13. 13.],14566288740.958775,2
536,[13. 13. 13. 13. 13. 13. 13.],15396118030.213312,2
537,[15. 15. 15. 15. 15. 15. 15.],21413014189.376297,2
538,[12. 12. 12. 12. 12. 12. 12.],11710575553.449364,2
539,[13. 13. 13. 13. 13. 13. 13.],14159776777.937483,2
540,[13. 13. 13. 13. 13. 13. 13.],16224965739.633314,2
541,[12. 12. 12. 12. 12. 12. 12.],12938110545.622866,2
542,[14. 14. 14. 14. 14. 14. 14.],20086760502.247044,2
543,[14. 14. 14. 14. 14. 14. 14.],20972964370.37772,2
544,[14. 14. 14. 14. 14. 14. 14.],17041844803.780752,2
545,[13. 13. 13. 13. 13. 13. 13.],14982710020.601051,2
546,[14. 14. 14. 14. 14. 14. 14.],17911780598.955307,2
547,[13. 13. 13. 13. 13. 13. 13.],13348545875.155087,2
548,[12. 12. 12. 12. 12. 12. 12.],9286069587.001709,2
549,[13. 13. 13. 13. 13. 13. 13.],15796031827.585732,2
550,[13. 13. 13. 13. 13. 13. 13.],12924342626.962156,2
551,[14. 14. 14. 14. 14. 14. 14.],17907327543.46684,2
552,[12. 12. 12. 12. 12. 12. 12.],12124087949.684126,2
553,[14. 14. 14. 14. 14. 14. 14.],20508279112.248833,2
554,[13. 13. 13. 13. 13. 13. 13.],14974740829.586777,2
555,[14. 14. 14. 14. 14. 14. 14.],17472913158.668026,2
556,[14. 14. 14. 14. 14. 14. 14.],19644774072.268883,2
557,[15. 15. 15. 15. 15. 15. 15.],22861973152.680294,2
558,[13. 13. 13. 13. 13. 13. 13.],17055272565.431616,2
559,[13. 13. 13. 13. 13. 13. 13.],15394387939.766953,2
560,[13. 13. 13. 13. 13. 13. 13.],13754575586.143393,2
561,[14. 14. 14. 14. 14. 14. 14.],18340757371.39205,2
562,[13. 13. 13. 13. 13. 13. 13.],13754876672.134209,2
563,[13. 13. 13. 13. 13. 13. 13.],13340044728.825974,2
564,[12. 12. 12. 12. 12. 12. 12.],11725588365.897139,2
565,[12. 12. 12. 12. 12. 12. 12.],10506193656.336468,2
566,[13. 13. 13. 13. 13. 13. 13.],15797336401.270985,2
567,[13. 13. 13. 13. 13. 13. 13.],14161176708.357397,2
568,[14. 14. 14. 14. 14. 14. 14.],17908863402.168842,2
569,[12. 12. 12. 12. 12. 12. 12.],12125861476.352942,2
570,[12. 12. 12. 12. 12. 12. 12.],10098225163.451542,2
571,[13. 13. 13. 13. 13. 13. 13.],15809568006.576834,2
572,[14. 14. 14. 14. 14. 14. 14.],18768738422.942535,2
573,[13. 13. 13. 13. 13. 13. 13.],16640144618.258184,2
574,[15. 15. 15. 15. 15. 15. 15.],23343467844.565403,2
575,[12. 12. 12. 12. 12. 12. 12.],11313945443.954721,2
576,[14. 14. 14. 14. 14. 14. 14.],17466247259.598537,2
577,[16. 16. 16. 16. 16. 16. 16.],27019315215.587685,2
578,[14. 14. 14. 14. 14. 14. 14.],18342302965.952457,2
579,[13. 13. 13. 13. 13. 13. 13.],15811005067.09878,2
580,[13. 13. 13. 13. 13. 13. 13.],15389819935.442724,2
581,[14. 14. 14. 14. 14. 14. 14.],19648340344.204514,2
582,[13. 13. 13. 13. 13. 13. 13.],13341313508.356667,2
583,[16. 16. 16. 16. 16. 16. 16.],27659861501.45955,2
584,[12. 12. 12. 12. 12. 12. 12.],12519493146.846699,2
585,[12. 12. 12. 12. 12. 12. 12.],11713259759.941236,2
586,[13. 13. 13. 13. 13. 13. 13.],15809950273.993843,2
587,[13. 13. 13. 13. 13. 13. 13.],16634447090.696806,2
588,[11. 11. 11. 11. 11. 11. 11.],5300356274.311514,2
589,[15. 15. 15. 15. 15. 15. 15.],21886312711.558372,2
590,[13. 13. 13. 13. 13. 13. 13.],14982332505.77821,2
591,[13. 13. 13. 13. 13. 13. 13.],13344969932.078867,2
592,[13. 13. 13. 13. 13. 13. 13.],12928033527.337576,2
593,[13. 13. 13. 13. 13. 13. 13.],14165722052.078636,2
594,[14. 14. 14. 14. 14. 14. 14.],20966300739.9568,2
595,[13. 13. 13. 13. 13. 13. 13.],16639794434.171675,2
596,[12. 12. 12. 12. 12. 12. 12.],11722744053.530727,2
597,[13. 13. 13. 13. 13. 13. 13.],14969180860.950542,2
598,[13. 13. 13. 13. 13. 13. 13.],15799162093.60458,2
599,[13. 13. 13. 13. 13. 13. 13.],14977306531.68517,2
600,[13. 13. 13. 13. 13. 13. 13.],12929258101.347023,2
601,[14. 14. 14. 14. 14. 14. 14.],17481421037.555115,2
602,[13. 13. 13. 13. 13. 13. 13.],15808813875.775537,2
603,[15. 15. 15. 15. 15. 15. 15.],22365954534.04076,2
604,[13. 13. 13. 13. 13. 13. 13.],15380958330.153307,2
605,[13. 13. 13. 13. 13. 13. 13.],16216480381.5294,2
606,[13. 13. 13. 13. 13. 13. 13.],14564617651.19667,2
607,[14. 14. 14. 14. 14. 14. 14.],18329926391.828957,2
608,[13. 13. 13. 13. 13. 13. 13.],16630829229.876911,2
609,[12. 12. 12. 12. 12. 12. 12.],11711025046.714302,2
610,[15. 15. 15. 15. 15. 15. 15.],21886790263.798355,2
611,[13. 13. 13. 13. 13. 13. 13.],14986902484.33799,2
612,[14. 14. 14. 14. 14. 14. 14.],17896754220.199852,2
613,[13. 13. 13. 13. 13. 13. 13.],14561216795.32294,2
614,[13. 13. 13. 13. 13. 13. 13.],13339068454.661787,2
615,[14. 14. 14. 14. 14. 14. 14.],19206656320.48071,2
616,[14. 14. 14. 14. 14. 14. 14.],17913145517.538605,2
617,[14. 14. 14. 14. 14. 14. 14.],18765438246.915222,2
618,[12. 12. 12. 12. 12. 12. 12.],11723036844.697178,2
619,[13. 13. 13. 13. 13. 13. 13.],13338197960.841291,2
620,[12. 12. 12. 12. 12. 12. 12.],9692138699.987946,2
621,[13. 13. 13. 13. 13. 13. 13.],14570720305.128815,2
622,[14. 14. 14. 14. 14. 14. 14.],20522421724.093025,2
623,[13. 13. 13. 13. 13. 13. 13.],15791946453.193953,2
624,[13. 13. 13. 13. 13. 13. 13.],14161120392.055464,2
625,[15. 15. 15. 15. 15. 15. 15.],23836340890.60823,2
626,[15. 15. 15. 15. 15. 15. 15.],21424715918.929382,2
627,[13. 13. 13. 13. 13. 13. 13.],16214299419.45324,2
628,[12. 12. 12. 12. 12. 12. 12.],12532386070.862247,2
629,[14. 14. 14. 14. 14. 14. 14.],20524049514.240253,2
630,[14. 14. 14. 14. 14. 14. 14.],20074381374.511974,2
631,[13. 13. 13. 13. 13. 13. 13.],14151078043.42986,2
632,[14. 14. 14. 14. 14. 14. 14.],19639646765.081825,2
633,[14. 14. 14. 14. 14. 14. 14.],17900202793.4535,2
634,[13. 13. 13. 13. 13. 13. 13.],14152464201.52391,2
635,[15. 15. 15. 15. 15. 15. 15.],23338921874.420895,2
636,[13. 13. 13. 13. 13. 13. 13.],13743606179.441877,2
637,[14. 14. 14. 14. 14. 14. 14.],18343672014.92472,2
638,[15. 15. 15. 15. 15. 15. 15.],21895442189.230083,2
639,[13. 13. 13. 13. 13. 13. 13.],16633600912.452314,2
640,[12. 12. 12. 12. 12. 12. 12.],10093180664.119425,2
641,[13. 13. 13. 13. 13. 13. 13.],15803717281.471123,2
642,[15. 15. 15. 15. 15. 15. 15.],21897877287.913048,2
643,[13. 13. 13. 13. 13. 13. 13.],16633817802.429365,2
644,[16. 16. 16. 16. 16. 16. 16.],27655125079.74125,2
645,[13. 13. 13. 13. 13. 13. 13.],16637842660.318392,2
646,[14. 14. 14. 14. 14. 14. 14.],17905379158.700954,2
647,[14. 14. 14. 14. 14. 14. 14.],18330026518.285187,2
648,[13. 13. 13. 13. 13. 13. 13.],13754837708.50889,2
649,[13. 13. 13. 13. 13. 13. 13.],14974603479.370457,2
650,[16. 16. 16. 16. 16. 16. 16.],26430491011.553238,2
651,[14. 14. 14. 14. 14. 14. 14.],18331859960.058224,2
652,[13. 13. 13. 13. 13. 13. 13.],16213012996.4291,2
653,[15. 15. 15. 15. 15. 15. 15.],23839049801.593155,2
654,[15. 15. 15. 15. 15. 15. 15.],23340459127.069813,2
655,[14. 14. 14. 14. 14. 14. 14.],17907869281.722057,2
656,[13. 13. 13. 13. 13. 13. 13.],13755945521.492697,2
657,[12. 12. 12. 12. 12. 12. 12.],10511766399.431765,2
658,[15. 15. 15. 15. 15. 15. 15.],22368883068.09278,2
659,[14. 14. 14. 14. 14. 14. 14.],17053715828.538328,2
660,[14. 14. 14. 14. 14. 14. 14.],17053715900.81104,2
661,[16. 16. 16. 16. 16. 16. 16.],27661366345.507324,2
662,[12. 12. 12. 12. 12. 12. 12.],12519326695.164015,2
663,[12. 12. 12. 12. 12. 12. 12.],10513605247.910618,2
664,[13. 13. 13. 13. 13. 13. 13.],17059043910.44282,2
665,[15. 15. 15. 15. 15. 15. 15.],22378732975.736443,2
666,[14. 14. 14. 14. 14. 14. 14.],17905007349.951923,2
667,[12. 12. 12. 12. 12. 12. 12.],10899819981.393429,2
668,[12. 12. 12. 12. 12. 12. 12.],12941980876.895153,2
669,[13. 13. 13. 13. 13. 13. 13.],15393319112.826914,2
670,[14. 14. 14. 14. 14. 14. 14.],20509665767.541843,2
671,[13. 13. 13. 13. 13. 13. 13.],15398658249.977507,2
672,[13. 13. 13. 13. 13. 13. 13.],16639479113.807413,2
673,[14. 14. 14. 14. 14. 14. 14.],19642739850.60197,2
674,[12. 12. 12. 12. 12. 12. 12.],12520708949.242918,2
675,[12. 12. 12. 12. 12. 12. 12.],12527772017.095877,2
676,[13. 13. 13. 13. 13. 13. 13.],14159824485.11943,2
677,[13. 13. 13. 13. 13. 13. 13.],14974283465.916517,2
678,[14. 14. 14. 14. 14. 14. 14.],20525492440.44841,2
679,[14. 14. 14. 14. 14. 14. 14.],19206640999.795185,2
680,[13. 13. 13. 13. 13. 13. 13.],13758324224.56071,2
681,[16. 16. 16. 16. 16. 16. 16.],27647076940.895084,2
682,[12. 12. 12. 12. 12. 12. 12.],10108345015.616772,2
683,[13. 13. 13. 13. 13. 13. 13.],15391888077.888472,2
684,[14. 14. 14. 14. 14. 14. 14.],17052370361.297163,2
685,[13. 13. 13. 13. 13. 13. 13.],15811121838.066887,2
686,[13. 13. 13. 13. 13. 13. 13.],13747515531.349972,2
687,[12. 12. 12. 12. 12. 12. 12.],12115097675.530693,2
688,[12. 12. 12. 12. 12. 12. 12.],10104383911.436733,2
689,[12. 12. 12. 12. 12. 12. 12.],12937302988.615831,2
690,[13. 13. 13. 13. 13. 13. 13.],14982556013.89154,2
691,[12. 12. 12. 12. 12. 12. 12.],11724444629.000622,2
692,[13. 13. 13. 13. 13. 13. 13.],14156352002.80301,2
693,[13. 13. 13. 13. 13. 13. 13.],15383624664.906075,2
694,[14. 14. 14. 14. 14. 14. 14.],18335566674.766113,2
695,[13. 13. 13. 13. 13. 13. 13.],16223729204.12003,2
696,[15. 15. 15. 15. 15. 15. 15.],21423893945.147713,2
697,[14. 14. 14. 14. 14. 14. 14.],17483348013.96596,2
698,[13. 13. 13. 13. 13. 13. 13.],15397713986.13591,2
699,[13. 13. 13. 13. 13. 13. 13.],14573830928.164743,2
700,[12. 12. 12. 12. 12. 12. 12.],9693119242.670048,2
701,[13. 13. 13. 13. 13. 13. 13.],13332665962.07383,2
702,[13. 13. 13. 13. 13. 13. 13.],15383639686.047438,2
703,[13. 13. 13. 13. 13. 13. 13.],14987883708.135069,2
704,[15. 15. 15. 15. 15. 15. 15.],24328929301.832226,2
705,[14. 14. 14. 14. 14. 14. 14.],17472014731.02275,2
706,[14. 14. 14. 14. 14. 14. 14.],17468995115.393982,2
707,[12. 12. 12. 12. 12. 12. 12.],11303423654.938398,2
708,[14. 14. 14. 14. 14. 14. 14.],17049266482.870571,2
709,[14. 14. 14. 14. 14. 14. 14.],18773347716.928574,2
710,[13. 13. 13. 13. 13. 13. 13.],15382492940.500177,2
711,[14. 14. 14. 14. 14. 14. 14.],18330463456.59112,2
712,[13. 13. 13. 13. 13. 13. 13.],14569232851.288113,2
713,[12. 12. 12. 12. 12. 12. 12.],11710789798.05422,2
714,[14. 14. 14. 14. 14. 14. 14.],18338176195.49824,2
715,[14. 14. 14. 14. 14. 14. 14.],20957822412.227406,2
716,[12. 12. 12. 12. 12. 12. 12.],10110566893.663237,2
717,[14. 14. 14. 14. 14. 14. 14.],20956893173.38087,2
718,[14. 14. 14. 14. 14. 14. 14.],20067113772.60575,2
719,[13. 13. 13. 13. 13. 13. 13.],13757831472.920866,2
720,[14. 14. 14. 14. 14. 14. 14.],19635482335.177685,2
721,[14. 14. 14. 14. 14. 14. 14.],19199738437.27574,2
722,[13. 13. 13. 13. 13. 13. 13.],16217772928.168877,2
723,[14. 14. 14. 14. 14. 14. 14.],18774895805.793583,2
724,[13. 13. 13. 13. 13. 13. 13.],14984185928.667309,2
725,[17. 17. 17. 17. 17. 17. 17.],32992972262.129196,2
726,[12. 12. 12. 12. 12. 12. 12.],12522091125.346468,2
727,[14. 14. 14. 14. 14. 14. 14.],19642267005.086464,2
728,[15. 15. 15. 15. 15. 15. 15.],22380453110.471745,2
729,[14. 14. 14. 14. 14. 14. 14.],19633489741.26511,2
730,[13. 13. 13. 13. 13. 13. 13.],16222386669.960419,2
731,[14. 14. 14. 14. 14. 14. 14.],20955134587.558407,2
732,[15. 15. 15. 15. 15. 15. 15.],21888694524.927315,2
733,[15. 15. 15. 15. 15. 15. 15.],21415085387.39117,2
734,[13. 13. 13. 13. 13. 13. 13.],16207515783.145672,2
735,[13. 13. 13. 13. 13. 13. 13.],13752766505.058266,2
736,[13. 13. 13. 13. 13. 13. 13.],16205696517.748405,2
737,[12. 12. 12. 12. 12. 12. 12.],10107571886.17431,2
738,[11. 11. 11. 11. 11. 11. 11.],6083223099.632191,2
739,[13. 13. 13. 13. 13. 13. 13.],17054854426.612139,2
740,[13. 13. 13. 13. 13. 13. 13.],15791918892.003908,2
741,[14. 14. 14. 14. 14. 14. 14.],20512206684.266632,2
742,[14. 14. 14. 14. 14. 14. 14.],20527164404.609447,2
743,[14. 14. 14. 14. 14. 14. 14.],19636870753.719185,2
744,[14. 14. 14. 14. 14. 14. 14.],18333745926.237347,2
745,[13. 13. 13. 13. 13. 13. 13.],13339337339.025496,2
746,[14. 14. 14. 14. 14. 14. 14.],17907670491.197712,2
747,[13. 13. 13. 13. 13. 13. 13.],15792130605.11036,2
748,[11. 11. 11. 11. 11. 11. 11.],7690452971.717306,2
749,[13. 13. 13. 13. 13. 13. 13.],16205950108.931257,2
750,[13. 13. 13. 13. 13. 13. 13.],14155448084.959742,2
751,[12. 12. 12. 12. 12. 12. 12.],10509064407.933819,2
752,[14. 14. 14. 14. 14. 14. 14.],20508587283.80865,2
753,[14. 14. 14. 14. 14. 14. 14.],17041607827.342813,2
754,[13. 13. 13. 13. 13. 13. 13.],14162945345.798376,2
755,[15. 15. 15. 15. 15. 15. 15.],21420545032.743484,2
756,[14. 14. 14. 14. 14. 14. 14.],17467869346.02933,2
757,[13. 13. 13. 13. 13. 13. 13.],16218861284.177813,2
758,[13. 13. 13. 13. 13. 13. 13.],16628415403.28509,2
759,[14. 14. 14. 14. 14. 14. 14.],21429077406.41676,2
760,[14. 14. 14. 14. 14. 14. 14.],18771802738.09725,2
761,[14. 14. 14. 14. 14. 14. 14.],20072396858.14688,2
762,[13. 13. 13. 13. 13. 13. 13.],13344838379.556156,2
763,[15. 15. 15. 15. 15. 15. 15.],22856606572.7979,2
764,[15. 15. 15. 15. 15. 15. 15.],22375316111.751125,2
765,[12. 12. 12. 12. 12. 12. 12.],9697460087.166498,2
766,[13. 13. 13. 13. 13. 13. 13.],16629470719.243547,2
767,[11. 11. 11. 11. 11. 11. 11.],7283358561.496776,2
768,[14. 14. 14. 14. 14. 14. 14.],17052326473.614075,2
769,[12. 12. 12. 12. 12. 12. 12.],12938366448.153982,2
770,[13. 13. 13. 13. 13. 13. 13.],15394327393.745014,2
771,[14. 14. 14. 14. 14. 14. 14.],19198364609.702038,2
772,[15. 15. 15. 15. 15. 15. 15.],21421135875.369095,2
773,[14. 14. 14. 14. 14. 14. 14.],20967867672.412933,2
774,[12. 12. 12. 12. 12. 12. 12.],10504742046.409075,2
775,[11. 11. 11. 11. 11. 11. 11.],8485948770.843895,2
776,[14. 14. 14. 14. 14. 14. 14.],17912002499.604652,2
777,[13. 13. 13. 13. 13. 13. 13.],13742691171.841387,2
778,[13. 13. 13. 13. 13. 13. 13.],14161449981.542166,2
779,[13. 13. 13. 13. 13. 13. 13.],14983109374.030561,2
780,[13. 13. 13. 13. 13. 13. 13.],13342875690.06875,2
781,[13. 13. 13. 13. 13. 13. 13.],16628374444.09339,2
782,[13. 13. 13. 13. 13. 13. 13.],16224518559.694529,2
783,[14. 14. 14. 14. 14. 14. 14.],19198574109.782867,2
784,[15. 15. 15. 15. 15. 15. 15.],22383363188.195133,2
785,[12. 12. 12. 12. 12. 12. 12.],12113364815.499115,2
786,[13. 13. 13. 13. 13. 13. 13.],13743697323.017685,2
787,[14. 14. 14. 14. 14. 14. 14.],19195362921.119873,2
788,[14. 14. 14. 14. 14. 14. 14.],17479998616.763073,2
789,[12. 12. 12. 12. 12. 12. 12.],12116502090.79841,2
790,[13. 13. 13. 13. 13. 13. 13.],17054716519.489857,2
791,[14. 14. 14. 14. 14. 14. 14.],17043480978.126024,2
792,[13. 13. 13. 13. 13. 13. 13.],13757562157.65999,2
793,[12. 12. 12. 12. 12. 12. 12.],12535146896.829609,2
794,[12. 12. 12. 12. 12. 12. 12.],10094535989.979006,2
795,[14. 14. 14. 14. 14. 14. 14.],19196743840.20071,2
796,[14. 14. 14. 14. 14. 14. 14.],20079006924.347637,2
797,[13. 13. 13. 13. 13. 13. 13.],14159743733.389263,2
798,[14. 14. 14. 14. 14. 14. 14.],19646771641.161705,2
799,[14. 14. 14. 14. 14. 14. 14.],20083617542.33431,2
800,[15. 15. 15. 15. 15. 15. 15.],21891102414.727943,2
801,[15. 15. 15. 15. 15. 15. 15.],22372030719.28441,2
802,[14. 14. 14. 14. 14. 14. 14.],18343885977.350643,2
803,[15. 15. 15. 15. 15. 15. 15.],22869572667.208763,2
804,[13. 13. 13. 13. 13. 13. 13.],14165663972.213245,2
805,[14. 14. 14. 14. 14. 14. 14.],20517619680.236076,2
806,[14. 14. 14. 14. 14. 14. 14.],17479749213.240425,2
807,[13. 13. 13. 13. 13. 13. 13.],16212397371.071703,2
808,[13. 13. 13. 13. 13. 13. 13.],14158304357.33811,2
809,[13. 13. 13. 13. 13. 13. 13.],16630574181.737255,2
810,[13. 13. 13. 13. 13. 13. 13.],14562754365.52215,2
811,[14. 14. 14. 14. 14. 14. 14.],19647895909.943623,2
812,[13. 13. 13. 13. 13. 13. 13.],16209448487.861908,2
813,[13. 13. 13. 13. 13. 13. 13.],13749033172.709671,2
814,[15. 15. 15. 15. 15. 15. 15.],21422414923.172466,2
815,[13. 13. 13. 13. 13. 13. 13.],15389493989.857761,2
816,[13. 13. 13. 13. 13. 13. 13.],13745769092.147768,2
817,[13. 13. 13. 13. 13. 13. 13.],16220401270.292934,2
818,[12. 12. 12. 12. 12. 12. 12.],8891577875.769518,2
819,[13. 13. 13. 13. 13. 13. 13.],15383969119.536438,2
820,[12. 12. 12. 12. 12. 12. 12.],12941619097.725245,2
821,[14. 14. 14. 14. 14. 14. 14.],17047499744.525572,2
822,[14. 14. 14. 14. 14. 14. 14.],17897448575.549835,2
823,[12. 12. 12. 12. 12. 12. 12.],12941723386.145966,2
824,[14. 14. 14. 14. 14. 14. 14.],20527881531.445374,2
825,[13. 13. 13. 13. 13. 13. 13.],14152238583.62779,2
826,[14. 14. 14. 14. 14. 14. 14.],20082210114.1485,2
827,[15. 15. 15. 15. 15. 15. 15.],23837671427.724358,2
828,[12. 12. 12. 12. 12. 12. 12.],10094857867.711472,2
829,[13. 13. 13. 13. 13. 13. 13.],15394327117.079466,2
830,[11. 11. 11. 11. 11. 11. 11.],7681594863.231231,2
831,[13. 13. 13. 13. 13. 13. 13.],14983116191.074547,2
832,[12. 12. 12. 12. 12. 12. 12.],11711614338.829271,2
833,[13. 13. 13. 13. 13. 13. 13.],14168295551.83281,2
834,[12. 12. 12. 12. 12. 12. 12.],8884735167.435745,2
835,[13. 13. 13. 13. 13. 13. 13.],17056592265.03177,2
836,[13. 13. 13. 13. 13. 13. 13.],16638134163.452703,2
837,[14. 14. 14. 14. 14. 14. 14.],19648531780.56584,2
838,[15. 15. 15. 15. 15. 15. 15.],24345786848.47695,2
839,[14. 14. 14. 14. 14. 14. 14.],17475607439.314938,2
840,[10. 10. 10. 10. 10. 10. 10.],-1194816373.985459,2
841,[13. 13. 13. 13. 13. 13. 13.],13743806703.159105,2
842,[13. 13. 13. 13. 13. 13. 13.],16205874944.981918,2
843,[13. 13. 13. 13. 13. 13. 13.],14156753016.856596,2
844,[13. 13. 13. 13. 13. 13. 13.],14988012948.30363,2
845,[13. 13. 13. 13. 13. 13. 13.],16212486175.861696,2
846,[14. 14. 14. 14. 14. 14. 14.],18340574481.500515,2
847,[13. 13. 13. 13. 13. 13. 13.],14559254152.138617,2
848,[15. 15. 15. 15. 15. 15. 15.],21424616825.054314,2
849,[14. 14. 14. 14. 14. 14. 14.],18345105437.990772,2
850,[13. 13. 13. 13. 13. 13. 13.],13744621944.321966,2
851,[13. 13. 13. 13. 13. 13. 13.],15391426691.107729,2
852,[14. 14. 14. 14. 14. 14. 14.],17042446284.728718,2
853,[15. 15. 15. 15. 15. 15. 15.],21415695729.795948,2
854,[14. 14. 14. 14. 14. 14. 14.],17050251986.240774,2
855,[13. 13. 13. 13. 13. 13. 13.],14567281087.809088,2
856,[13. 13. 13. 13. 13. 13. 13.],13343025293.620813,2
857,[15. 15. 15. 15. 15. 15. 15.],22853584744.25894,2
858,[14. 14. 14. 14. 14. 14. 14.],17476474601.888107,2
859,[14. 14. 14. 14. 14. 14. 14.],20071984254.192627,2
860,[12. 12. 12. 12. 12. 12. 12.],10904083048.110735,2
861,[11. 11. 11. 11. 11. 11. 11.],6896341088.434507,2
862,[13. 13. 13. 13. 13. 13. 13.],16224853577.31993,2
863,[11. 11. 11. 11. 11. 11. 11.],6893572026.201822,2
864,[13. 13. 13. 13. 13. 13. 13.],15399218860.633753,2
865,[14. 14. 14. 14. 14. 14. 14.],17052748447.27785,2
866,[13. 13. 13. 13. 13. 13. 13.],14155066292.120121,2
867,[14. 14. 14. 14. 14. 14. 14.],20974100952.722744,2
868,[14. 14. 14. 14. 14. 14. 14.],17900924858.408257,2
869,[13. 13. 13. 13. 13. 13. 13.],16217491529.262823,2
870,[13. 13. 13. 13. 13. 13. 13.],12930880520.132357,2
871,[12. 12. 12. 12. 12. 12. 12.],11319502519.627878,2
872,[13. 13. 13. 13. 13. 13. 13.],15388229514.682888,2
873,[13. 13. 13. 13. 13. 13. 13.],16635251845.678062,2
874,[13. 13. 13. 13. 13. 13. 13.],13746051853.859398,2
875,[13. 13. 13. 13. 13. 13. 13.],14155811465.354053,2
876,[14. 14. 14. 14. 14. 14. 14.],17479305419.219105,2
877,[12. 12. 12. 12. 12. 12. 12.],10108130361.03348,2
878,[12. 12. 12. 12. 12. 12. 12.],12522721153.005796,2
879,[15. 15. 15. 15. 15. 15. 15.],25351632994.504337,2
880,[13. 13. 13. 13. 13. 13. 13.],14160438517.21278,2
881,[13. 13. 13. 13. 13. 13. 13.],16217769209.75375,2
882,[14. 14. 14. 14. 14. 14. 14.],18761463076.702717,2
883,[12. 12. 12. 12. 12. 12. 12.],10108105252.662363,2
884,[14. 14. 14. 14. 14. 14. 14.],19633961553.941986,2
885,[12. 12. 12. 12. 12. 12. 12.],11724394648.823952,2
886,[14. 14. 14. 14. 14. 14. 14.],21424806847.797016,2
887,[14. 14. 14. 14. 14. 14. 14.],17042821515.332668,2
888,[15. 15. 15. 15. 15. 15. 15.],21884200963.497646,2
889,[14. 14. 14. 14. 14. 14. 14.],20510981285.80743,2
890,[13. 13. 13. 13. 13. 13. 13.],14151432205.383919,2
891,[14. 14. 14. 14. 14. 14. 14.],17907907635.451336,2
892,[14. 14. 14. 14. 14. 14. 14.],19206885628.8182,2
893,[13. 13. 13. 13. 13. 13. 13.],15798635374.508808,2
894,[13. 13. 13. 13. 13. 13. 13.],15810558938.290947,2
895,[12. 12. 12. 12. 12. 12. 12.],12116293482.035852,2
896,[14. 14. 14. 14. 14. 14. 14.],20958609640.734936,2
897,[13. 13. 13. 13. 13. 13. 13.],14573539913.430435,2
898,[12. 12. 12. 12. 12. 12. 12.],10102304846.842596,2
899,[13. 13. 13. 13. 13. 13. 13.],15801777696.983398,2
900,[12. 12. 12. 12. 12. 12. 12.],12112114789.854479,2
901,[13. 13. 13. 13. 13. 13. 13.],14982024263.88108,2
902,[14. 14. 14. 14. 14. 14. 14.],20073713576.797512,2
903,[13. 13. 13. 13. 13. 13. 13.],14576703715.57189,2
904,[14. 14. 14. 14. 14. 14. 14.],18339805095.505737,2
905,[14. 14. 14. 14. 14. 14. 14.],18336580202.431282,2
906,[13. 13. 13. 13. 13. 13. 13.],17055422962.682373,2
907,[13. 13. 13. 13. 13. 13. 13.],12933608666.750147,2
908,[14. 14. 14. 14. 14. 14. 14.],18774710612.330696,2
909,[12. 12. 12. 12. 12. 12. 12.],11715477527.939087,2
910,[13. 13. 13. 13. 13. 13. 13.],13343988170.366592,2
911,[14. 14. 14. 14. 14. 14. 14.],20078518054.626537,2
912,[13. 13. 13. 13. 13. 13. 13.],14166456174.529348,2
913,[14. 14. 14. 14. 14. 14. 14.],20073698864.563416,2
914,[14. 14. 14. 14. 14. 14. 14.],20526004640.119892,2
915,[14. 14. 14. 14. 14. 14. 14.],19210698184.825153,2
916,[14. 14. 14. 14. 14. 14. 14.],17897450286.50507,2
917,[13. 13. 13. 13. 13. 13. 13.],16216695606.379063,2
918,[14. 14. 14. 14. 14. 14. 14.],17052661996.610092,2
919,[12. 12. 12. 12. 12. 12. 12.],10904908462.2888,2
920,[14. 14. 14. 14. 14. 14. 14.],18328709998.79963,2
921,[13. 13. 13. 13. 13. 13. 13.],16217259144.435349,2
922,[14. 14. 14. 14. 14. 14. 14.],19208691405.53917,2
923,[13. 13. 13. 13. 13. 13. 13.],16636561100.976301,2
924,[15. 15. 15. 15. 15. 15. 15.],21887928007.11331,2
925,[14. 14. 14. 14. 14. 14. 14.],17048607373.625734,2
926,[13. 13. 13. 13. 13. 13. 13.],15387092344.8109,2
927,[13. 13. 13. 13. 13. 13. 13.],14162062653.17617,2
928,[13. 13. 13. 13. 13. 13. 13.],14166175063.933172,2
929,[13. 13. 13. 13. 13. 13. 13.],12936462606.172962,2
930,[13. 13. 13. 13. 13. 13. 13.],13339380062.63676,2
931,[14. 14. 14. 14. 14. 14. 14.],18334527588.748386,2
932,[13. 13. 13. 13. 13. 13. 13.],13340719302.535414,2
933,[11. 11. 11. 11. 11. 11. 11.],6884386481.721503,2
934,[13. 13. 13. 13. 13. 13. 13.],14972814532.095568,2
935,[13. 13. 13. 13. 13. 13. 13.],13750508356.03308,2
936,[13. 13. 13. 13. 13. 13. 13.],15799370985.425865,2
937,[12. 12. 12. 12. 12. 12. 12.],11709612986.178598,2
938,[14. 14. 14. 14. 14. 14. 14.],17906789467.979973,2
939,[14. 14. 14. 14. 14. 14. 14.],17908625376.060143,2
940,[14. 14. 14. 14. 14. 14. 14.],18344554953.93615,2
941,[15. 15. 15. 15. 15. 15. 15.],23356176027.195507,2
942,[16. 16. 16. 16. 16. 16. 16.],28286545690.076374,2
943,[12. 12. 12. 12. 12. 12. 12.],8894359784.493023,2
944,[13. 13. 13. 13. 13. 13. 13.],16632290545.694118,2
945,[13. 13. 13. 13. 13. 13. 13.],15808655631.79479,2
946,[12. 12. 12. 12. 12. 12. 12.],10093284435.48696,2
947,[15. 15. 15. 15. 15. 15. 15.],25355324445.28095,2
948,[13. 13. 13. 13. 13. 13. 13.],13330742250.780794,2
949,[14. 14. 14. 14. 14. 14. 14.],17048932120.99313,2
950,[15. 15. 15. 15. 15. 15. 15.],22865758284.62283,2
951,[13. 13. 13. 13. 13. 13. 13.],16208261667.062689,2
952,[11. 11. 11. 11. 11. 11. 11.],8499097668.545334,2
953,[12. 12. 12. 12. 12. 12. 12.],10918348915.056711,2
954,[13. 13. 13. 13. 13. 13. 13.],14983047654.79437,2
955,[15. 15. 15. 15. 15. 15. 15.],24340160782.095856,2
956,[15. 15. 15. 15. 15. 15. 15.],25347561438.771564,2
957,[13. 13. 13. 13. 13. 13. 13.],16635521738.661198,2
958,[13. 13. 13. 13. 13. 13. 13.],15796504668.008623,2
959,[13. 13. 13. 13. 13. 13. 13.],16221644381.320395,2
960,[15. 15. 15. 15. 15. 15. 15.],21891172490.61523,2
961,[13. 13. 13. 13. 13. 13. 13.],14149323161.759642,2
962,[14. 14. 14. 14. 14. 14. 14.],17470153398.816563,2
963,[11. 11. 11. 11. 11. 11. 11.],7295878980.511082,2
964,[14. 14. 14. 14. 14. 14. 14.],19646805323.356625,2
965,[14. 14. 14. 14. 14. 14. 14.],20523787271.5837,2
966,[14. 14. 14. 14. 14. 14. 14.],17041464396.60083,2
967,[12. 12. 12. 12. 12. 12. 12.],11318362916.121134,2
968,[14. 14. 14. 14. 14. 14. 14.],18767647895.530457,2
969,[12. 12. 12. 12. 12. 12. 12.],11724275153.964907,2
970,[11. 11. 11. 11. 11. 11. 11.],8092240467.464111,2
971,[13. 13. 13. 13. 13. 13. 13.],14561131091.670225,2
972,[12. 12. 12. 12. 12. 12. 12.],9694834376.401634,2
973,[14. 14. 14. 14. 14. 14. 14.],19634143839.786713,2
974,[13. 13. 13. 13. 13. 13. 13.],13337695074.110954,2
975,[12. 12. 12. 12. 12. 12. 12.],11724453017.346199,2
976,[13. 13. 13. 13. 13. 13. 13.],16211660542.172379,2
977,[14. 14. 14. 14. 14. 14. 14.],18344450200.563835,2
978,[13. 13. 13. 13. 13. 13. 13.],13755202618.981268,2
979,[13. 13. 13. 13. 13. 13. 13.],15805197944.796583,2
980,[13. 13. 13. 13. 13. 13. 13.],16632741934.6832,2
981,[14. 14. 14. 14. 14. 14. 14.],18344445321.25078,2
982,[13. 13. 13. 13. 13. 13. 13.],16637878368.540476,2
983,[14. 14. 14. 14. 14. 14. 14.],17476334428.40683,2
984,[12. 12. 12. 12. 12. 12. 12.],12524720553.481937,2
985,[14. 14. 14. 14. 14. 14. 14.],20967032578.898876,2
986,[13. 13. 13. 13. 13. 13. 13.],14987139929.79029,2
987,[13. 13. 13. 13. 13. 13. 13.],14164795755.257061,2
988,[13. 13. 13. 13. 13. 13. 13.],15792239362.09497,2
989,[13. 13. 13. 13. 13. 13. 13.],14984604107.512207,2
990,[12. 12. 12. 12. 12. 12. 12.],12129702439.983744,2
991,[13. 13. 13. 13. 13. 13. 13.],15797463140.9965,2
992,[13. 13. 13. 13. 13. 13. 13.],17059019100.036528,2
993,[14. 14. 14. 14. 14. 14. 14.],19635088683.870857,2
994,[13. 13. 13. 13. 13. 13. 13.],14564007804.899628,2
995,[12. 12. 12. 12. 12. 12. 12.],9304332281.512848,2
996,[12. 12. 12. 12. 12. 12. 12.],10107413512.84844,2
997,[13. 13. 13. 13. 13. 13. 13.],15811413177.100334,2
998,[13. 13. 13. 13. 13. 13. 13.],16213837234.73903,2
999,[12. 12. 12. 12. 12. 12. 12.],8884738215.834383,2
1000,[13. 13. 13. 13. 13. 13. 13.],13754804861.772936,3
1001,[15. 15. 15. 15. 15. 15. 15.],21420956817.08078,3
1002,[13. 13. 13. 13. 13. 13. 13.],14157091903.157152,3
1003,[16. 16. 16. 16. 16. 16. 16.],30896831696.57337,3
1004,[12. 12. 12. 12. 12. 12. 12.],11716085842.958206,3
1005,[15. 15. 15. 15. 15. 15. 15.],26435256844.9095,3
1006,[12. 12. 12. 12. 12. 12. 12.],9701362201.36396,3
1007,[12. 12. 12. 12. 12. 12. 12.],9302055386.093672,3
1008,[13. 13. 13. 13. 13. 13. 13.],14149182600.173119,3
1009,[16. 16. 16. 16. 16. 16. 16.],31557695916.86591,3
1010,[15. 15. 15. 15. 15. 15. 15.],22861039938.02472,3
1011,[14. 14. 14. 14. 14. 14. 14.],20519703183.44419,3
1012,[14. 14. 14. 14. 14. 14. 14.],19631693852.34271,3
1013,[14. 14. 14. 14. 14. 14. 14.],17903444816.592407,3
1014,[13. 13. 13. 13. 13. 13. 13.],15805319051.269186,3
1015,[11. 11. 11. 11. 11. 11. 11.],6083982544.803031,3
1016,[14. 14. 14. 14. 14. 14. 14.],17897367865.135834,3
1017,[16. 16. 16. 16. 16. 16. 16.],28934827805.17753,3
1018,[15. 15. 15. 15. 15. 15. 15.],23846036610.40038,3
1019,[13. 13. 13. 13. 13. 13. 13.],12929298161.31427,3
1020,[11. 11. 11. 11. 11. 11. 11.],7696788778.71482,3
1021,[14. 14. 14. 14. 14. 14. 14.],19634290897.64799,3
1022,[15. 15. 15. 15. 15. 15. 15.],23348180636.84011,3
1023,[14. 14. 14. 14. 14. 14. 14.],17906674246.38558,3
1024,[12. 12. 12. 12. 12. 12. 12.],10497780788.001736,3
1025,[16. 16. 16. 16. 16. 16. 16.],30226823054.514263,3
1026,[13. 13. 13. 13. 13. 13. 13.],15381933908.552563,3
1027,[13. 13. 13. 13. 13. 13. 13.],14986590255.64303,3
1028,[14. 14. 14. 14. 14. 14. 14.],17476779616.207222,3
1029,[11. 11. 11. 11. 11. 11. 11.],6896531347.410706,3
1030,[15. 15. 15. 15. 15. 15. 15.],21895248709.99626,3
1031,[16. 16. 16. 16. 16. 16. 16.],27014486695.789314,3
1032,[15. 15. 15. 15. 15. 15. 15.],21418801417.81474,3
1033,[15. 15. 15. 15. 15. 15. 15.],25882559321.15209,3
1034,[14. 14. 14. 14. 14. 14. 14.],17899930569.156967,3
1035,[14. 14. 14. 14. 14. 14. 14.],19640159966.663635,3
1036,[13. 13. 13. 13. 13. 13. 13.],13343411627.961256,3
1037,[13. 13. 13. 13. 13. 13. 13.],16217234296.414099,3
1038,[16. 16. 16. 16. 16. 16. 16.],29575108049.437263,3
1039,[9. 9. 9. 9. 9. 9. 9.],-2115706375.8741827,3
1040,[12. 12. 12. 12. 12. 12. 12.],11709685617.94593,3
1041,[13. 13. 13. 13. 13. 13. 13.],15382300977.203093,3
1042,[14. 14. 14. 14. 14. 14. 14.],17483214510.1222,3
1043,[14. 14. 14. 14. 14. 14. 14.],20080958102.869576,3
1044,[17. 17. 17. 17. 17. 17. 17.],35476933545.90576,3
1045,[11. 11. 11. 11. 11. 11. 11.],6484812110.601565,3
1046,[17. 17. 17. 17. 17. 17. 17.],34624380343.74362,3
1047,[14. 14. 14. 14. 14. 14. 14.],17477959838.584835,3
1048,[15. 15. 15. 15. 15. 15. 15.],22368225715.139717,3
1049,[11. 11. 11. 11. 11. 11. 11.],5684435013.474369,3
1050,[17. 17. 17. 17. 17. 17. 17.],39889538101.16497,3
1051,[16. 16. 16. 16. 16. 16. 16.],27031629324.296715,3
1052,[16. 16. 16. 16. 16. 16. 16.],28929637440.244854,3
1053,[16. 16. 16. 16. 16. 16. 16.],27664043122.088734,3
1054,[13. 13. 13. 13. 13. 13. 13.],14985174905.870045,3
1055,[18. 18. 18. 18. 18. 18. 18.],47650081186.37321,3
1056,[13. 13. 13. 13. 13. 13. 13.],14975987443.591831,3
1057,[15. 15. 15. 15. 15. 15. 15.],23832568829.711365,3
1058,[13. 13. 13. 13. 13. 13. 13.],14163304203.520525,3
1059,[12. 12. 12. 12. 12. 12. 12.],9286384579.548805,3
1060,[15. 15. 15. 15. 15. 15. 15.],21897998629.21279,3
1061,[12. 12. 12. 12. 12. 12. 12.],12938334635.70664,3
1062,[14. 14. 14. 14. 14. 14. 14.],19208220743.491806,3
1063,[17. 17. 17. 17. 17. 17. 17.],37214105358.25408,3
1064,[15. 15. 15. 15. 15. 15. 15.],22850829145.21961,3
1065,[12. 12. 12. 12. 12. 12. 12.],12112398321.169407,3
1066,[13. 13. 13. 13. 13. 13. 13.],14159702603.736141,3
1067,[13. 13. 13. 13. 13. 13. 13.],16206725350.072405,3
1068,[12. 12. 12. 12. 12. 12. 12.],12529713221.536417,3
1069,[16. 16. 16. 16. 16. 16. 16.],29582142141.925533,3
1070,[17. 17. 17. 17. 17. 17. 17.],38982795630.69009,3
1071,[13. 13. 13. 13. 13. 13. 13.],16623830733.655449,3
1072,[14. 14. 14. 14. 14. 14. 14.],17912351703.51972,3
1073,[12. 12. 12. 12. 12. 12. 12.],10513936727.514656,3
1074,[13. 13. 13. 13. 13. 13. 13.],13751639910.785706,3
1075,[12. 12. 12. 12. 12. 12. 12.],8896540526.821064,3
1076,[11. 11. 11. 11. 11. 11. 11.],7692893779.107215,3
1077,[17. 17. 17. 17. 17. 17. 17.],39879652695.05217,3
1078,[14. 14. 14. 14. 14. 14. 14.],17474542057.23174,3
1079,[13. 13. 13. 13. 13. 13. 13.],16636243554.892769,3
1080,[11. 11. 11. 11. 11. 11. 11.],4887034989.318462,3
1081,[16. 16. 16. 16. 16. 16. 16.],28288115728.71335,3
1082,[13. 13. 13. 13. 13. 13. 13.],14970213759.709522,3
1083,[14. 14. 14. 14. 14. 14. 14.],18775719361.15365,3
1084,[12. 12. 12. 12. 12. 12. 12.],9304367991.862738,3
1085,[12. 12. 12. 12. 12. 12. 12.],10496566160.680004,3
1086,[16. 16. 16. 16. 16. 16. 16.],29573462574.38212,3
1087,[13. 13. 13. 13. 13. 13. 13.],15798834704.33731,3
1088,[9. 9. 9. 9. 9. 9. 9.],-2379117415.433795,3
1089,[9. 9. 9. 9. 9. 9. 9.],-2634585315.946075,3
1090,[13. 13. 13. 13. 13. 13. 13.],16630954150.509478,3
1091,[13. 13. 13. 13. 13. 13. 13.],14986015574.445126,3
1092,[13. 13. 13. 13. 13. 13. 13.],13748353477.598104,3
1093,[12. 12. 12. 12. 12. 12. 12.],10104142685.2684,3
1094,[11. 11. 11. 11. 11. 11. 11.],8485079577.983693,3
1095,[15. 15. 15. 15. 15. 15. 15.],21888125134.365833,3
1096,[14. 14. 14. 14. 14. 14. 14.],21429720893.772007,3
1097,[16. 16. 16. 16. 16. 16. 16.],30892608056.311913,3
1098,[12. 12. 12. 12. 12. 12. 12.],11307379468.814709,3
1099,[13. 13. 13. 13. 13. 13. 13.],14988571505.735071,3
1100,[12. 12. 12. 12. 12. 12. 12.],12936917402.05065,3
1101,[11. 11. 11. 11. 11. 11. 11.],8098354294.630549,3
1102,[13. 13. 13. 13. 13. 13. 13.],14983652378.104006,3
1103,[11. 11. 11. 11. 11. 11. 11.],7283378647.279976,3
1104,[13. 13. 13. 13. 13. 13. 13.],14152621686.582933,3
1105,[14. 14. 14. 14. 14. 14. 14.],19633181744.835014,3
1106,[12. 12. 12. 12. 12. 12. 12.],8890691183.591896,3
1107,[15. 15. 15. 15. 15. 15. 15.],25871491076.71239,3
1108,[15. 15. 15. 15. 15. 15. 15.],26440243963.109005,3
1109,[12. 12. 12. 12. 12. 12. 12.],12532296488.32583,3
1110,[12. 12. 12. 12. 12. 12. 12.],12532390273.73281,3
1111,[15. 15. 15. 15. 15. 15. 15.],25361241456.95103,3
1112,[13. 13. 13. 13. 13. 13. 13.],15805013803.306662,3
1113,[13. 13. 13. 13. 13. 13. 13.],16207939728.720186,3
1114,[14. 14. 14. 14. 14. 14. 14.],20084751608.602203,3
1115,[12. 12. 12. 12. 12. 12. 12.],12528657851.177954,3
1116,[12. 12. 12. 12. 12. 12. 12.],12520886389.750084,3
1117,[14. 14. 14. 14. 14. 14. 14.],20962740722.569042,3
1118,[13. 13. 13. 13. 13. 13. 13.],15393660062.973557,3
1119,[13. 13. 13. 13. 13. 13. 13.],14987213274.714338,3
1120,[14. 14. 14. 14. 14. 14. 14.],19202181534.725807,3
1121,[11. 11. 11. 11. 11. 11. 11.],8086588471.594658,3
1122,[14. 14. 14. 14. 14. 14. 14.],19633259629.56517,3
1123,[13. 13. 13. 13. 13. 13. 13.],15380458909.573727,3
1124,[17. 17. 17. 17. 17. 17. 17.],38966237246.22075,3
1125,[15. 15. 15. 15. 15. 15. 15.],23346555528.75052,3
1126,[13. 13. 13. 13. 13. 13. 13.],14151866011.348934,3
1127,[13. 13. 13. 13. 13. 13. 13.],13336804324.24102,3
1128,[17. 17. 17. 17. 17. 17. 17.],32985768317.324223,3
1129,[13. 13. 13. 13. 13. 13. 13.],16624884512.588945,3
1130,[13. 13. 13. 13. 13. 13. 13.],13748579805.606909,3
1131,[13. 13. 13. 13. 13. 13. 13.],15792690143.530073,3
1132,[12. 12. 12. 12. 12. 12. 12.],8887848944.916683,3
1133,[14. 14. 14. 14. 14. 14. 14.],20079768518.821884,3
1134,[13. 13. 13. 13. 13. 13. 13.],13743760896.859615,3
1135,[14. 14. 14. 14. 14. 14. 14.],20521321425.12325,3
1136,[13. 13. 13. 13. 13. 13. 13.],12922638282.566317,3
1137,[12. 12. 12. 12. 12. 12. 12.],12115251003.485752,3
1138,[16. 16. 16. 16. 16. 16. 16.],28922982750.325577,3
1139,[13. 13. 13. 13. 13. 13. 13.],13343065167.05988,3
1140,[13. 13. 13. 13. 13. 13. 13.],13338444360.562199,3
1141,[14. 14. 14. 14. 14. 14. 14.],19207996989.452145,3
1142,[11. 11. 11. 11. 11. 11. 11.],5294111108.019867,3
1143,[11. 11. 11. 11. 11. 11. 11.],7695954481.9355545,3
1144,[17. 17. 17. 17. 17. 17. 17.],37202242970.4842,3
1145,[11. 11. 11. 11. 11. 11. 11.],6090017679.756498,3
1146,[13. 13. 13. 13. 13. 13. 13.],13740128559.950558,3
1147,[15. 15. 15. 15. 15. 15. 15.],22868000237.38973,3
1148,[14. 14. 14. 14. 14. 14. 14.],17468261055.773266,3
1149,[16. 16. 16. 16. 16. 16. 16.],30217302351.04597,3
1150,[13. 13. 13. 13. 13. 13. 13.],14150629062.052952,3
1151,[14. 14. 14. 14. 14. 14. 14.],20968553398.468277,3
1152,[16. 16. 16. 16. 16. 16. 16.],28298110040.333065,3
1153,[14. 14. 14. 14. 14. 14. 14.],20522664365.82677,3
1154,[16. 16. 16. 16. 16. 16. 16.],32263708412.54989,3
1155,[9. 9. 9. 9. 9. 9. 9.],-2139024617.634951,3
1156,[12. 12. 12. 12. 12. 12. 12.],11721116628.776384,3
1157,[15. 15. 15. 15. 15. 15. 15.],23831070178.269028,3
1158,[11. 11. 11. 11. 11. 11. 11.],7292164014.202509,3
1159,[12. 12. 12. 12. 12. 12. 12.],10094364446.597147,3
1160,[11. 11. 11. 11. 11. 11. 11.],5694271447.916521,3
1161,[14. 14. 14. 14. 14. 14. 14.],19194688241.583096,3
1162,[13. 13. 13. 13. 13. 13. 13.],13749687677.939373,3
1163,[14. 14. 14. 14. 14. 14. 14.],17908602503.70717,3
1164,[14. 14. 14. 14. 14. 14. 14.],18777880595.015892,3
1165,[13. 13. 13. 13. 13. 13. 13.],12931077239.92422,3
1166,[12. 12. 12. 12. 12. 12. 12.],10507756039.489824,3
1167,[11. 11. 11. 11. 11. 11. 11.],6485275422.160103,3
1168,[14. 14. 14. 14. 14. 14. 14.],19208169723.267292,3
1169,[13. 13. 13. 13. 13. 13. 13.],17058420786.106325,3
1170,[13. 13. 13. 13. 13. 13. 13.],14574121442.875212,3
1171,[12. 12. 12. 12. 12. 12. 12.],9692388926.562775,3
1172,[15. 15. 15. 15. 15. 15. 15.],23848292556.68084,3
1173,[14. 14. 14. 14. 14. 14. 14.],19211862528.278454,3
1174,[12. 12. 12. 12. 12. 12. 12.],12119865147.603996,3
1175,[13. 13. 13. 13. 13. 13. 13.],13342072324.556293,3
1176,[12. 12. 12. 12. 12. 12. 12.],11709266111.5794,3
1177,[12. 12. 12. 12. 12. 12. 12.],11304314760.29397,3
1178,[16. 16. 16. 16. 16. 16. 16.],27019375705.384296,3
1179,[13. 13. 13. 13. 13. 13. 13.],15799076309.754461,3
1180,[12. 12. 12. 12. 12. 12. 12.],9700625946.827673,3
1181,[14. 14. 14. 14. 14. 14. 14.],20066724902.80499,3
1182,[14. 14. 14. 14. 14. 14. 14.],19636023967.30024,3
1183,[11. 11. 11. 11. 11. 11. 11.],6092550224.897231,3
1184,[12. 12. 12. 12. 12. 12. 12.],9705530329.04364,3
1185,[15. 15. 15. 15. 15. 15. 15.],22852386695.599922,3
1186,[13. 13. 13. 13. 13. 13. 13.],16629457611.097172,3
1187,[15. 15. 15. 15. 15. 15. 15.],23352490518.699673,3
1188,[12. 12. 12. 12. 12. 12. 12.],10094065772.42892,3
1189,[13. 13. 13. 13. 13. 13. 13.],14987333987.220844,3
1190,[17. 17. 17. 17. 17. 17. 17.],35483409869.74077,3
1191,[12. 12. 12. 12. 12. 12. 12.],11722192117.806913,3
1192,[12. 12. 12. 12. 12. 12. 12.],11305678521.291683,3
1193,[14. 14. 14. 14. 14. 14. 14.],20517149176.704796,3
1194,[15. 15. 15. 15. 15. 15. 15.],22854914041.57815,3
1195,[14. 14. 14. 14. 14. 14. 14.],17467952531.379032,3
1196,[15. 15. 15. 15. 15. 15. 15.],24837030986.55478,3
1197,[17. 17. 17. 17. 17. 17. 17.],41836627820.60309,3
1198,[15. 15. 15. 15. 15. 15. 15.],23355283165.95998,3
1199,[11. 11. 11. 11. 11. 11. 11.],5685312796.405189,3
1200,[15. 15. 15. 15. 15. 15. 15.],21895460154.381878,3
1201,[11. 11. 11. 11. 11. 11. 11.],4891119933.1925955,3
1202,[13. 13. 13. 13. 13. 13. 13.],13341595921.367222,3
1203,[12. 12. 12. 12. 12. 12. 12.],12942223783.775448,3
1204,[14. 14. 14. 14. 14. 14. 14.],17467282248.73758,3
1205,[12. 12. 12. 12. 12. 12. 12.],10508986287.176708,3
1206,[14. 14. 14. 14. 14. 14. 14.],17480909510.98952,3
1207,[14. 14. 14. 14. 14. 14. 14.],21429280878.219788,3
1208,[11. 11. 11. 11. 11. 11. 11.],7283257228.493201,3
1209,[17. 17. 17. 17. 17. 17. 17.],32980150046.46261,3
1210,[12. 12. 12. 12. 12. 12. 12.],12123070653.871187,3
1211,[13. 13. 13. 13. 13. 13. 13.],15802879695.592268,3
1212,[15. 15. 15. 15. 15. 15. 15.],22375176978.887207,3
1213,[12. 12. 12. 12. 12. 12. 12.],9694169167.801292,3
1214,[15. 15. 15. 15. 15. 15. 15.],25342495257.47993,3
1215,[15. 15. 15. 15. 15. 15. 15.],22853911672.647568,3
1216,[12. 12. 12. 12. 12. 12. 12.],12114800041.24291,3
1217,[14. 14. 14. 14. 14. 14. 14.],20525772769.941433,3
1218,[15. 15. 15. 15. 15. 15. 15.],23846243506.472584,3
1219,[13. 13. 13. 13. 13. 13. 13.],15384123806.819946,3
1220,[13. 13. 13. 13. 13. 13. 13.],14982435603.754253,3
1221,[13. 13. 13. 13. 13. 13. 13.],13337773812.20015,3
1222,[15. 15. 15. 15. 15. 15. 15.],22868486969.95282,3
1223,[15. 15. 15. 15. 15. 15. 15.],22851613161.04995,3
1224,[14. 14. 14. 14. 14. 14. 14.],20963622150.35783,3
1225,[12. 12. 12. 12. 12. 12. 12.],10907055031.718105,3
1226,[11. 11. 11. 11. 11. 11. 11.],5699751534.029565,3
1227,[13. 13. 13. 13. 13. 13. 13.],16622043512.383852,3
1228,[14. 14. 14. 14. 14. 14. 14.],18342323041.475742,3
1229,[14. 14. 14. 14. 14. 14. 14.],18344582366.86968,3
1230,[11. 11. 11. 11. 11. 11. 11.],8097430567.708128,3
1231,[15. 15. 15. 15. 15. 15. 15.],21891550744.839993,3
1232,[16. 16. 16. 16. 16. 16. 16.],26432583531.68908,3
1233,[11. 11. 11. 11. 11. 11. 11.],8096820260.858645,3
1234,[15. 15. 15. 15. 15. 15. 15.],21415829202.761837,3
1235,[14. 14. 14. 14. 14. 14. 14.],17042236416.878742,3
1236,[13. 13. 13. 13. 13. 13. 13.],13756950112.06995,3
1237,[10. 10. 10. 10. 10. 10. 10.],2895453956.315716,3
1238,[12. 12. 12. 12. 12. 12. 12.],9294678566.85925,3
1239,[14. 14. 14. 14. 14. 14. 14.],19199444945.972958,3
1240,[13. 13. 13. 13. 13. 13. 13.],16626280931.952919,3
1241,[14. 14. 14. 14. 14. 14. 14.],17472740315.156162,3
1242,[16. 16. 16. 16. 16. 16. 16.],30877931571.43567,3
1243,[11. 11. 11. 11. 11. 11. 11.],7297069420.166653,3
1244,[12. 12. 12. 12. 12. 12. 12.],12128881569.9516,3
1245,[16. 16. 16. 16. 16. 16. 16.],27026581149.75933,3
1246,[14. 14. 14. 14. 14. 14. 14.],20974020389.32514,3
1247,[14. 14. 14. 14. 14. 14. 14.],20520868476.731617,3
1248,[13. 13. 13. 13. 13. 13. 13.],13748951791.091928,3
1249,[15. 15. 15. 15. 15. 15. 15.],22857417054.3342,3
1250,[16. 16. 16. 16. 16. 16. 16.],29566080729.77303,3
1251,[15. 15. 15. 15. 15. 15. 15.],21416420139.82465,3
1252,[14. 14. 14. 14. 14. 14. 14.],20085260078.727905,3
1253,[12. 12. 12. 12. 12. 12. 12.],10515425471.477524,3
1254,[14. 14. 14. 14. 14. 14. 14.],17480333154.800877,3
1255,[16. 16. 16. 16. 16. 16. 16.],27655307768.644943,3
1256,[12. 12. 12. 12. 12. 12. 12.],11712653537.493727,3
1257,[16. 16. 16. 16. 16. 16. 16.],28288713680.956005,3
1258,[14. 14. 14. 14. 14. 14. 14.],17899152157.644104,3
1259,[13. 13. 13. 13. 13. 13. 13.],15393417112.623064,3
1260,[11. 11. 11. 11. 11. 11. 11.],6088573959.471713,3
1261,[12. 12. 12. 12. 12. 12. 12.],12123882444.422365,3
1262,[12. 12. 12. 12. 12. 12. 12.],10109152300.429438,3
1263,[13. 13. 13. 13. 13. 13. 13.],14558949784.825771,3
1264,[14. 14. 14. 14. 14. 14. 14.],18760752328.465496,3
1265,[16. 16. 16. 16. 16. 16. 16.],28936578921.69763,3
1266,[11. 11. 11. 11. 11. 11. 11.],6502155990.563406,3
1267,[12. 12. 12. 12. 12. 12. 12.],9703647014.919085,3
1268,[12. 12. 12. 12. 12. 12. 12.],9702055561.484467,3
1269,[17. 17. 17. 17. 17. 17. 17.],35482225017.59603,3
1270,[13. 13. 13. 13. 13. 13. 13.],14566812347.51837,3
1271,[14. 14. 14. 14. 14. 14. 14.],17048286746.142973,3
1272,[13. 13. 13. 13. 13. 13. 13.],14159255088.947369,3
1273,[12. 12. 12. 12. 12. 12. 12.],12128038897.649061,3
1274,[15. 15. 15. 15. 15. 15. 15.],21421029315.783897,3
1275,[12. 12. 12. 12. 12. 12. 12.],11315477356.770435,3
1276,[14. 14. 14. 14. 14. 14. 14.],19194438169.696796,3
1277,[14. 14. 14. 14. 14. 14. 14.],20955295974.79584,3
1278,[11. 11. 11. 11. 11. 11. 11.],7285640436.131129,3
1279,[13. 13. 13. 13. 13. 13. 13.],16219376908.622452,3
1280,[14. 14. 14. 14. 14. 14. 14.],18329752669.339493,3
1281,[15. 15. 15. 15. 15. 15. 15.],23341535595.346527,3
1282,[13. 13. 13. 13. 13. 13. 13.],15380228703.967623,3
1283,[14. 14. 14. 14. 14. 14. 14.],19202422591.439262,3
1284,[16. 16. 16. 16. 16. 16. 16.],28290716119.02549,3
1285,[15. 15. 15. 15. 15. 15. 15.],21894834174.190865,3
1286,[15. 15. 15. 15. 15. 15. 15.],21898268200.89052,3
1287,[12. 12. 12. 12. 12. 12. 12.],12519416012.78714,3
1288,[15. 15. 15. 15. 15. 15. 15.],22369219607.840626,3
1289,[11. 11. 11. 11. 11. 11. 11.],7690545927.635858,3
1290,[16. 16. 16. 16. 16. 16. 16.],29573924588.018967,3
1291,[12. 12. 12. 12. 12. 12. 12.],12111530148.359121,3
1292,[12. 12. 12. 12. 12. 12. 12.],11709908967.102184,3
1293,[14. 14. 14. 14. 14. 14. 14.],17475526395.019154,3
1294,[13. 13. 13. 13. 13. 13. 13.],15390317888.955696,3
1295,[13. 13. 13. 13. 13. 13. 13.],12933621300.471622,3
1296,[13. 13. 13. 13. 13. 13. 13.],13348818592.669815,3
1297,[14. 14. 14. 14. 14. 14. 14.],18775617932.84091,3
1298,[12. 12. 12. 12. 12. 12. 12.],12123702227.583858,3
1299,[15. 15. 15. 15. 15. 15. 15.],21411289221.644196,3
1300,[13. 13. 13. 13. 13. 13. 13.],15795838519.857555,3
1301,[14. 14. 14. 14. 14. 14. 14.],19194713547.74594,3
1302,[14. 14. 14. 14. 14. 14. 14.],17474340982.65222,3
1303,[16. 16. 16. 16. 16. 16. 16.],26428967386.787457,3
1304,[15. 15. 15. 15. 15. 15. 15.],24330980518.290253,3
1305,[11. 11. 11. 11. 11. 11. 11.],7289129337.421551,3
1306,[13. 13. 13. 13. 13. 13. 13.],15793294232.227528,3
1307,[16. 16. 16. 16. 16. 16. 16.],27657752697.993374,3
1308,[12. 12. 12. 12. 12. 12. 12.],10507939708.657846,3
1309,[11. 11. 11. 11. 11. 11. 11.],8499423887.420553,3
1310,[13. 13. 13. 13. 13. 13. 13.],14979381675.828224,3
1311,[13. 13. 13. 13. 13. 13. 13.],14567998995.977697,3
1312,[12. 12. 12. 12. 12. 12. 12.],9289803406.988625,3
1313,[12. 12. 12. 12. 12. 12. 12.],12527591182.657074,3
1314,[12. 12. 12. 12. 12. 12. 12.],10916130924.485065,3
1315,[14. 14. 14. 14. 14. 14. 14.],20527070445.272793,3
1316,[15. 15. 15. 15. 15. 15. 15.],22856908946.59491,3
1317,[14. 14. 14. 14. 14. 14. 14.],17482108005.223152,3
1318,[13. 13. 13. 13. 13. 13. 13.],14158382806.301836,3
1319,[14. 14. 14. 14. 14. 14. 14.],18342055041.950966,3
1320,[13. 13. 13. 13. 13. 13. 13.],14158284044.23568,3
1321,[11. 11. 11. 11. 11. 11. 11.],8487116547.775059,3
1322,[15. 15. 15. 15. 15. 15. 15.],24833166683.959007,3
1323,[16. 16. 16. 16. 16. 16. 16.],32252439377.889126,3
1324,[14. 14. 14. 14. 14. 14. 14.],18342735733.22795,3
1325,[15. 15. 15. 15. 15. 15. 15.],22369833371.70511,3
1326,[13. 13. 13. 13. 13. 13. 13.],16632634166.808613,3
1327,[10. 10. 10. 10. 10. 10. 10.],3699145316.5436263,3
1328,[12. 12. 12. 12. 12. 12. 12.],11305852866.716494,3
1329,[15. 15. 15. 15. 15. 15. 15.],23832860596.339146,3
1330,[14. 14. 14. 14. 14. 14. 14.],17040644641.772228,3
1331,[15. 15. 15. 15. 15. 15. 15.],25354150867.070545,3
1332,[14. 14. 14. 14. 14. 14. 14.],19641639238.851334,3
1333,[14. 14. 14. 14. 14. 14. 14.],18778992965.001762,3
1334,[12. 12. 12. 12. 12. 12. 12.],9301296194.450312,3
1335,[10. 10. 10. 10. 10. 10. 10.],3307636857.6433454,3
1336,[14. 14. 14. 14. 14. 14. 14.],18778444695.46401,3
1337,[13. 13. 13. 13. 13. 13. 13.],15384986478.390427,3
1338,[18. 18. 18. 18. 18. 18. 18.],41825883325.240074,3
1339,[14. 14. 14. 14. 14. 14. 14.],18777184374.322437,3
1340,[13. 13. 13. 13. 13. 13. 13.],15385134980.483114,3
1341,[13. 13. 13. 13. 13. 13. 13.],14163491771.390404,3
1342,[17. 17. 17. 17. 17. 17. 17.],34623366204.666794,3
1343,[11. 11. 11. 11. 11. 11. 11.],7294195177.501753,3
1344,[14. 14. 14. 14. 14. 14. 14.],17909914271.823784,3
1345,[12. 12. 12. 12. 12. 12. 12.],9700118645.70954,3
1346,[11. 11. 11. 11. 11. 11. 11.],7682721884.965838,3
1347,[12. 12. 12. 12. 12. 12. 12.],12523796434.501715,3
1348,[14. 14. 14. 14. 14. 14. 14.],20971903547.696724,3
1349,[13. 13. 13. 13. 13. 13. 13.],14563147452.557611,3
1350,[13. 13. 13. 13. 13. 13. 13.],14167113877.840988,3
1351,[12. 12. 12. 12. 12. 12. 12.],12127195153.690882,3
1352,[13. 13. 13. 13. 13. 13. 13.],15809560685.547836,3
1353,[14. 14. 14. 14. 14. 14. 14.],20974413678.799057,3
1354,[12. 12. 12. 12. 12. 12. 12.],12527202681.950405,3
1355,[14. 14. 14. 14. 14. 14. 14.],18345569672.461517,3
1356,[14. 14. 14. 14. 14. 14. 14.],17484093874.328533,3
1357,[12. 12. 12. 12. 12. 12. 12.],10505493968.578268,3
1358,[15. 15. 15. 15. 15. 15. 15.],23356723487.926147,3
1359,[13. 13. 13. 13. 13. 13. 13.],16628982302.999683,3
1360,[13. 13. 13. 13. 13. 13. 13.],13742656214.229872,3
1361,[15. 15. 15. 15. 15. 15. 15.],23847431823.2813,3
1362,[17. 17. 17. 17. 17. 17. 17.],35486322918.93038,3
1363,[16. 16. 16. 16. 16. 16. 16.],28292313766.298653,3
1364,[14. 14. 14. 14. 14. 14. 14.],17913015797.143097,3
1365,[12. 12. 12. 12. 12. 12. 12.],11718301389.815832,3
1366,[14. 14. 14. 14. 14. 14. 14.],20079654471.568172,3
1367,[11. 11. 11. 11. 11. 11. 11.],7683478012.728523,3
1368,[12. 12. 12. 12. 12. 12. 12.],11719874454.48992,3
1369,[14. 14. 14. 14. 14. 14. 14.],17479097242.253265,3
1370,[14. 14. 14. 14. 14. 14. 14.],20522547198.287964,3
1371,[14. 14. 14. 14. 14. 14. 14.],17898834104.6967,3
1372,[14. 14. 14. 14. 14. 14. 14.],17472279757.529667,3
1373,[14. 14. 14. 14. 14. 14. 14.],19645975307.572277,3
1374,[11. 11. 11. 11. 11. 11. 11.],7290630519.863285,3
1375,[13. 13. 13. 13. 13. 13. 13.],14561660729.689297,3
1376,[13. 13. 13. 13. 13. 13. 13.],14982474408.426502,3
1377,[16. 16. 16. 16. 16. 16. 16.],32263625194.37497,3
1378,[13. 13. 13. 13. 13. 13. 13.],16207080394.13724,3
1379,[13. 13. 13. 13. 13. 13. 13.],16212969779.997797,3
1380,[15. 15. 15. 15. 15. 15. 15.],21416588855.492046,3
1381,[13. 13. 13. 13. 13. 13. 13.],13744557366.521923,3
1382,[12. 12. 12. 12. 12. 12. 12.],11319633044.089727,3
1383,[11. 11. 11. 11. 11. 11. 11.],7287372230.846905,3
1384,[15. 15. 15. 15. 15. 15. 15.],23837095999.997917,3
1385,[13. 13. 13. 13. 13. 13. 13.],14565228981.569324,3
1386,[11. 11. 11. 11. 11. 11. 11.],8091261938.528866,3
1387,[14. 14. 14. 14. 14. 14. 14.],18774094614.59464,3
1388,[15. 15. 15. 15. 15. 15. 15.],23340624484.116962,3
1389,[17. 17. 17. 17. 17. 17. 17.],35476028479.89113,3
1390,[11. 11. 11. 11. 11. 11. 11.],7691100795.683577,3
1391,[15. 15. 15. 15. 15. 15. 15.],21884672025.988117,3
1392,[12. 12. 12. 12. 12. 12. 12.],11724142638.367582,3
1393,[13. 13. 13. 13. 13. 13. 13.],15389870452.620932,3
1394,[10. 10. 10. 10. 10. 10. 10.],3706952619.1013556,3
1395,[12. 12. 12. 12. 12. 12. 12.],12519676543.583174,3
1396,[13. 13. 13. 13. 13. 13. 13.],14572922839.304892,3
1397,[14. 14. 14. 14. 14. 14. 14.],19635449220.918095,3
1398,[13. 13. 13. 13. 13. 13. 13.],15800276128.611923,3
1399,[14. 14. 14. 14. 14. 14. 14.],19197917198.56992,3
1400,[16. 16. 16. 16. 16. 16. 16.],32249526524.73031,3
1401,[16. 16. 16. 16. 16. 16. 16.],29566410903.441967,3
1402,[16. 16. 16. 16. 16. 16. 16.],32258170845.244724,3
1403,[12. 12. 12. 12. 12. 12. 12.],9286037666.745981,3
1404,[15. 15. 15. 15. 15. 15. 15.],21888150243.01979,3
1405,[16. 16. 16. 16. 16. 16. 16.],27015406581.96775,3
1406,[13. 13. 13. 13. 13. 13. 13.],17056025331.720602,3
1407,[12. 12. 12. 12. 12. 12. 12.],9290246966.616278,3
1408,[12. 12. 12. 12. 12. 12. 12.],9301690658.250628,3
1409,[11. 11. 11. 11. 11. 11. 11.],6895213276.826887,3
1410,[14. 14. 14. 14. 14. 14. 14.],19632920081.785007,3
1411,[12. 12. 12. 12. 12. 12. 12.],12532215852.392542,3
1412,[12. 12. 12. 12. 12. 12. 12.],9286979779.281637,3
1413,[13. 13. 13. 13. 13. 13. 13.],16623832828.58748,3
1414,[13. 13. 13. 13. 13. 13. 13.],14576274595.834324,3
1415,[18. 18. 18. 18. 18. 18. 18.],42921319775.27874,3
1416,[12. 12. 12. 12. 12. 12. 12.],11320813058.307055,3
1417,[14. 14. 14. 14. 14. 14. 14.],18345096136.744556,3
1418,[14. 14. 14. 14. 14. 14. 14.],20973604710.69728,3
1419,[15. 15. 15. 15. 15. 15. 15.],23355269047.89837,3
1420,[15. 15. 15. 15. 15. 15. 15.],25350779274.943184,3
1421,[10. 10. 10. 10. 10. 10. 10.],2898039454.492534,3
1422,[14. 14. 14. 14. 14. 14. 14.],19632193719.809513,3
1423,[12. 12. 12. 12. 12. 12. 12.],12118656716.654175,3
1424,[12. 12. 12. 12. 12. 12. 12.],8885430129.031803,3
1425,[13. 13. 13. 13. 13. 13. 13.],14564410105.567183,3
1426,[15. 15. 15. 15. 15. 15. 15.],25347714114.796734,3
1427,[14. 14. 14. 14. 14. 14. 14.],21428634784.024506,3
1428,[14. 14. 14. 14. 14. 14. 14.],19193342272.69966,3
1429,[13. 13. 13. 13. 13. 13. 13.],14158956433.82731,3
1430,[14. 14. 14. 14. 14. 14. 14.],17907199083.024094,3
1431,[15. 15. 15. 15. 15. 15. 15.],22862008735.683613,3
1432,[14. 14. 14. 14. 14. 14. 14.],19635056575.473335,3
1433,[13. 13. 13. 13. 13. 13. 13.],16633366174.401567,3
1434,[14. 14. 14. 14. 14. 14. 14.],19647645875.566956,3
1435,[16. 16. 16. 16. 16. 16. 16.],26421246094.185726,3
1436,[14. 14. 14. 14. 14. 14. 14.],17044574241.9004,3
1437,[12. 12. 12. 12. 12. 12. 12.],10505257375.721731,3
1438,[10. 10. 10. 10. 10. 10. 10.],2905315561.0478854,3
1439,[13. 13. 13. 13. 13. 13. 13.],13750597499.446894,3
1440,[16. 16. 16. 16. 16. 16. 16.],29579867168.450806,3
1441,[16. 16. 16. 16. 16. 16. 16.],26434065864.145035,3
1442,[15. 15. 15. 15. 15. 15. 15.],25352030016.493263,3
1443,[14. 14. 14. 14. 14. 14. 14.],19196653447.675148,3
1444,[17. 17. 17. 17. 17. 17. 17.],35474157997.14235,3
1445,[14. 14. 14. 14. 14. 14. 14.],21426872290.58023,3
1446,[17. 17. 17. 17. 17. 17. 17.],35480615802.32007,3
1447,[16. 16. 16. 16. 16. 16. 16.],28933031372.284805,3
1448,[12. 12. 12. 12. 12. 12. 12.],11312357753.236795,3
1449,[13. 13. 13. 13. 13. 13. 13.],15380351114.284182,3
1450,[14. 14. 14. 14. 14. 14. 14.],17472993891.30284,3
1451,[14. 14. 14. 14. 14. 14. 14.],17050678976.240046,3
1452,[15. 15. 15. 15. 15. 15. 15.],21887741758.763783,3
1453,[13. 13. 13. 13. 13. 13. 13.],14972392736.824106,3
1454,[11. 11. 11. 11. 11. 11. 11.],6489705197.212185,3
1455,[12. 12. 12. 12. 12. 12. 12.],8892747977.12058,3
1456,[13. 13. 13. 13. 13. 13. 13.],16637557522.98471,3
1457,[14. 14. 14. 14. 14. 14. 14.],18342863245.53034,3
1458,[13. 13. 13. 13. 13. 13. 13.],13336635707.27387,3
1459,[14. 14. 14. 14. 14. 14. 14.],19644556044.58465,3
1460,[12. 12. 12. 12. 12. 12. 12.],10514608489.53088,3
1461,[13. 13. 13. 13. 13. 13. 13.],14559349493.51076,3
1462,[13. 13. 13. 13. 13. 13. 13.],16630153241.896282,3
1463,[17. 17. 17. 17. 17. 17. 17.],38077374330.048706,3
1464,[11. 11. 11. 11. 11. 11. 11.],8901543790.36082,3
1465,[9. 9. 9. 9. 9. 9. 9.],-2220424872.6670456,3
1466,[15. 15. 15. 15. 15. 15. 15.],22377225676.412067,3
1467,[11. 11. 11. 11. 11. 11. 11.],8899805570.386923,3
1468,[13. 13. 13. 13. 13. 13. 13.],16224558800.554316,3
1469,[14. 14. 14. 14. 14. 14. 14.],19207299408.037987,3
1470,[14. 14. 14. 14. 14. 14. 14.],19633899843.85665,3
1471,[14. 14. 14. 14. 14. 14. 14.],18339498845.952053,3
1472,[12. 12. 12. 12. 12. 12. 12.],10496159411.03426,3
1473,[16. 16. 16. 16. 16. 16. 16.],29578764766.412975,3
1474,[10. 10. 10. 10. 10. 10. 10.],2902995004.423475,3
1475,[14. 14. 14. 14. 14. 14. 14.],20973557681.293842,3
1476,[16. 16. 16. 16. 16. 16. 16.],27026484905.07095,3
1477,[15. 15. 15. 15. 15. 15. 15.],22372475841.91695,3
1478,[11. 11. 11. 11. 11. 11. 11.],5294913113.266867,3
1479,[14. 14. 14. 14. 14. 14. 14.],18770092087.243706,3
1480,[11. 11. 11. 11. 11. 11. 11.],8501611022.754478,3
1481,[13. 13. 13. 13. 13. 13. 13.],16224093563.832853,3
1482,[12. 12. 12. 12. 12. 12. 12.],9286924879.635319,3
1483,[12. 12. 12. 12. 12. 12. 12.],10917880621.137278,3
1484,[16. 16. 16. 16. 16. 16. 16.],30886812287.365368,3
1485,[14. 14. 14. 14. 14. 14. 14.],17912412647.014057,3
1486,[13. 13. 13. 13. 13. 13. 13.],14982883660.46139,3
1487,[17. 17. 17. 17. 17. 17. 17.],36341525111.07952,3
1488,[14. 14. 14. 14. 14. 14. 14.],19632609779.207867,3
1489,[14. 14. 14. 14. 14. 14. 14.],20518709741.59833,3
1490,[13. 13. 13. 13. 13. 13. 13.],14560656828.812727,3
1491,[15. 15. 15. 15. 15. 15. 15.],23844678847.030807,3
1492,[12. 12. 12. 12. 12. 12. 12.],9706152521.363543,3
1493,[13. 13. 13. 13. 13. 13. 13.],15393271202.040415,3
1494,[15. 15. 15. 15. 15. 15. 15.],23348874421.60069,3
1495,[17. 17. 17. 17. 17. 17. 17.],35488364105.43714,3
1496,[17. 17. 17. 17. 17. 17. 17.],32991676260.81521,3
1497,[12. 12. 12. 12. 12. 12. 12.],10508888498.323257,3
1498,[15. 15. 15. 15. 15. 15. 15.],23837381048.864075,3
1499,[11. 11. 11. 11. 11. 11. 11.],8082691713.166134,3
